observation_id,episode_id,entity_id,metric_id,breach_direction,observed_at,severity,value_band,data_classification
OBS-000001,EP-000001,SVC-0005,request_latency_ms,UP,2024-01-01T00:20:00+00:00,HIGH,SEVERE,SYNTHETIC
OBS-000002,EP-000002,SVC-0002,authentication_failure_rate,UP,2024-01-01T00:37:00+00:00,CRITICAL,SEVERE,SYNTHETIC
OBS-000003,EP-000003,SVC-0001,service_error_rate,UP,2024-01-01T00:54:00+00:00,HIGH,SEVERE,SYNTHETIC
OBS-000004,EP-000004,SVC-0001,queue_depth,UP,2024-01-01T01:11:00+00:00,MEDIUM,ELEVATED,SYNTHETIC
OBS-000005,EP-000005,SVC-0001,connection_failure_rate,UP,2024-01-01T01:28:00+00:00,HIGH,SEVERE,SYNTHETIC
OBS-000006,EP-000006,SVC-0007,connection_failure_rate,UP,2024-01-01T01:45:00+00:00,MEDIUM,ELEVATED,SYNTHETIC
OBS-000007,EP-000007,SVC-0002,request_latency_ms,UP,2024-01-01T02:02:00+00:00,LOW,ELEVATED,SYNTHETIC
OBS-000008,EP-000008,SVC-0001,authentication_failure_rate,UP,2024-01-01T02:19:00+00:00,LOW,ELEVATED,SYNTHETIC
OBS-000009,EP-000009,SVC-0002,request_latency_ms,UP,2024-01-01T02:36:00+00:00,LOW,ELEVATED,SYNTHETIC
OBS-000010,EP-000010,SVC-0001,transaction_failure_rate,UP,2024-01-01T02:53:00+00:00,MEDIUM,ELEVATED,SYNTHETIC
OBS-000011,EP-000011,SVC-0013,connection_failure_rate,UP,2024-01-01T03:10:00+00:00,MEDIUM,ELEVATED,SYNTHETIC
OBS-000012,EP-000012,SVC-0002,queue_depth,UP,2024-01-01T03:27:00+00:00,LOW,ELEVATED,SYNTHETIC
OBS-000013,EP-000013,SVC-0009,transaction_failure_rate,UP,2024-01-01T03:44:00+00:00,HIGH,SEVERE,SYNTHETIC
OBS-000014,EP-000014,SVC-0004,request_timeout_rate,UP,2024-01-01T04:01:00+00:00,MEDIUM,ELEVATED,SYNTHETIC
OBS-000015,EP-000015,SVC-0011,request_timeout_rate,UP,2024-01-01T04:18:00+00:00,MEDIUM,ELEVATED,SYNTHETIC
OBS-000016,EP-000016,SVC-0002,queue_depth,UP,2024-01-01T04:35:00+00:00,MEDIUM,ELEVATED,SYNTHETIC
OBS-000017,EP-000017,SVC-0001,request_timeout_rate,UP,2024-01-01T04:52:00+00:00,MEDIUM,ELEVATED,SYNTHETIC
OBS-000018,EP-000018,SVC-0012,service_error_rate,UP,2024-01-01T05:09:00+00:00,HIGH,SEVERE,SYNTHETIC
OBS-000019,EP-000019,SVC-0001,connection_failure_rate,UP,2024-01-01T05:26:00+00:00,MEDIUM,ELEVATED,SYNTHETIC
OBS-000020,EP-000020,SVC-0005,request_timeout_rate,UP,2024-01-01T05:43:00+00:00,LOW,ELEVATED,SYNTHETIC
OBS-000021,EP-000021,SVC-0005,authentication_failure_rate,UP,2024-01-01T06:00:00+00:00,CRITICAL,SEVERE,SYNTHETIC
OBS-000022,EP-000022,SVC-0008,queue_depth,UP,2024-01-01T06:17:00+00:00,LOW,ELEVATED,SYNTHETIC
OBS-000023,EP-000023,SVC-0003,request_latency_ms,UP,2024-01-01T06:34:00+00:00,MEDIUM,ELEVATED,SYNTHETIC
OBS-000024,EP-000024,SVC-0001,request_latency_ms,UP,2024-01-01T06:51:00+00:00,HIGH,SEVERE,SYNTHETIC
OBS-000025,EP-000025,SVC-0012,request_latency_ms,UP,2024-01-01T07:08:00+00:00,MEDIUM,ELEVATED,SYNTHETIC
OBS-000026,EP-000026,SVC-0001,queue_depth,UP,2024-01-01T07:25:00+00:00,MEDIUM,ELEVATED,SYNTHETIC
OBS-000027,EP-000027,SVC-0005,request_latency_ms,UP,2024-01-01T07:42:00+00:00,LOW,ELEVATED,SYNTHETIC
OBS-000028,EP-000028,SVC-0005,queue_depth,UP,2024-01-01T07:59:00+00:00,HIGH,SEVERE,SYNTHETIC
OBS-000029,EP-000029,SVC-0008,request_timeout_rate,UP,2024-01-01T08:16:00+00:00,MEDIUM,ELEVATED,SYNTHETIC
OBS-000030,EP-000030,SVC-0003,authentication_failure_rate,UP,2024-01-01T08:33:00+00:00,HIGH,SEVERE,SYNTHETIC
OBS-000031,EP-000031,SVC-0001,service_error_rate,UP,2024-01-01T08:50:00+00:00,MEDIUM,ELEVATED,SYNTHETIC
OBS-000032,EP-000032,SVC-0003,transaction_failure_rate,UP,2024-01-01T09:07:00+00:00,MEDIUM,ELEVATED,SYNTHETIC
OBS-000033,EP-000033,SVC-0002,service_error_rate,UP,2024-01-01T09:24:00+00:00,HIGH,SEVERE,SYNTHETIC
OBS-000034,EP-000034,SVC-0001,request_latency_ms,UP,2024-01-01T09:41:00+00:00,HIGH,SEVERE,SYNTHETIC
OBS-000035,EP-000035,SVC-0002,transaction_failure_rate,UP,2024-01-01T09:58:00+00:00,MEDIUM,ELEVATED,SYNTHETIC
OBS-000036,EP-000036,SVC-0002,queue_depth,UP,2024-01-01T10:15:00+00:00,MEDIUM,ELEVATED,SYNTHETIC
OBS-000037,EP-000037,SVC-0001,transaction_failure_rate,UP,2024-01-01T10:32:00+00:00,HIGH,SEVERE,SYNTHETIC
OBS-000038,EP-000038,SVC-0002,authentication_failure_rate,UP,2024-01-01T10:49:00+00:00,MEDIUM,ELEVATED,SYNTHETIC
OBS-000039,EP-000039,SVC-0002,connection_failure_rate,UP,2024-01-01T11:06:00+00:00,HIGH,SEVERE,SYNTHETIC
OBS-000040,EP-000040,SVC-0002,service_error_rate,UP,2024-01-01T11:23:00+00:00,MEDIUM,ELEVATED,SYNTHETIC
OBS-000041,EP-000041,SVC-0001,connection_failure_rate,UP,2024-01-01T11:40:00+00:00,MEDIUM,ELEVATED,SYNTHETIC
OBS-000042,EP-000042,SVC-0002,connection_failure_rate,UP,2024-01-01T11:57:00+00:00,MEDIUM,ELEVATED,SYNTHETIC
OBS-000043,EP-000043,SVC-0002,service_error_rate,UP,2024-01-01T12:14:00+00:00,HIGH,SEVERE,SYNTHETIC
OBS-000044,EP-000044,SVC-0002,queue_depth,UP,2024-01-01T12:31:00+00:00,MEDIUM,ELEVATED,SYNTHETIC
OBS-000045,EP-000045,SVC-0001,connection_failure_rate,UP,2024-01-01T12:48:00+00:00,MEDIUM,ELEVATED,SYNTHETIC
OBS-000046,EP-000046,SVC-0002,service_error_rate,UP,2024-01-01T13:05:00+00:00,MEDIUM,ELEVATED,SYNTHETIC
OBS-000047,EP-000047,SVC-0002,authentication_failure_rate,UP,2024-01-01T13:22:00+00:00,LOW,ELEVATED,SYNTHETIC
OBS-000048,EP-000048,SVC-0002,connection_failure_rate,UP,2024-01-01T13:39:00+00:00,HIGH,SEVERE,SYNTHETIC
OBS-000049,EP-000049,SVC-0002,queue_depth,UP,2024-01-01T13:56:00+00:00,MEDIUM,ELEVATED,SYNTHETIC
OBS-000050,EP-000050,SVC-0002,service_error_rate,UP,2024-01-01T14:13:00+00:00,LOW,ELEVATED,SYNTHETIC
OBS-000051,EP-000051,SVC-0002,service_error_rate,UP,2024-01-01T14:30:00+00:00,LOW,ELEVATED,SYNTHETIC
OBS-000052,EP-000052,SVC-0001,transaction_failure_rate,UP,2024-01-01T14:47:00+00:00,MEDIUM,ELEVATED,SYNTHETIC
OBS-000053,EP-000053,SVC-0002,queue_depth,UP,2024-01-01T15:04:00+00:00,LOW,ELEVATED,SYNTHETIC
OBS-000054,EP-000054,SVC-0002,request_timeout_rate,UP,2024-01-01T15:21:00+00:00,LOW,ELEVATED,SYNTHETIC
OBS-000055,EP-000055,SVC-0002,queue_depth,UP,2024-01-01T15:38:00+00:00,MEDIUM,ELEVATED,SYNTHETIC
OBS-000056,EP-000056,SVC-0001,request_timeout_rate,UP,2024-01-01T15:55:00+00:00,HIGH,SEVERE,SYNTHETIC
OBS-000057,EP-000057,SVC-0002,request_timeout_rate,UP,2024-01-01T16:12:00+00:00,MEDIUM,ELEVATED,SYNTHETIC
OBS-000058,EP-000058,SVC-0002,request_latency_ms,UP,2024-01-01T16:29:00+00:00,MEDIUM,ELEVATED,SYNTHETIC
OBS-000059,EP-000059,SVC-0002,request_latency_ms,UP,2024-01-01T16:46:00+00:00,HIGH,SEVERE,SYNTHETIC
OBS-000060,EP-000060,SVC-0001,request_latency_ms,UP,2024-01-01T17:03:00+00:00,LOW,ELEVATED,SYNTHETIC
OBS-000061,EP-000061,SVC-0002,request_latency_ms,UP,2024-01-01T17:20:00+00:00,MEDIUM,ELEVATED,SYNTHETIC
OBS-000062,EP-000062,SVC-0002,authentication_failure_rate,UP,2024-01-01T17:37:00+00:00,MEDIUM,ELEVATED,SYNTHETIC
OBS-000063,EP-000063,SVC-0002,queue_depth,UP,2024-01-01T17:54:00+00:00,MEDIUM,ELEVATED,SYNTHETIC
OBS-000064,EP-000064,SVC-0005,authentication_failure_rate,UP,2024-01-01T18:11:00+00:00,MEDIUM,ELEVATED,SYNTHETIC
OBS-000065,EP-000065,SVC-0005,transaction_failure_rate,UP,2024-01-01T18:28:00+00:00,MEDIUM,ELEVATED,SYNTHETIC
OBS-000066,EP-000066,SVC-0008,service_error_rate,UP,2024-01-01T18:45:00+00:00,MEDIUM,ELEVATED,SYNTHETIC
OBS-000067,EP-000067,SVC-0003,service_error_rate,UP,2024-01-01T19:02:00+00:00,HIGH,SEVERE,SYNTHETIC
OBS-000068,EP-000068,SVC-0001,authentication_failure_rate,UP,2024-01-01T19:19:00+00:00,HIGH,SEVERE,SYNTHETIC
OBS-000069,EP-000069,SVC-0003,service_error_rate,UP,2024-01-01T19:36:00+00:00,MEDIUM,ELEVATED,SYNTHETIC
OBS-000070,EP-000070,SVC-0002,transaction_failure_rate,UP,2024-01-01T19:53:00+00:00,HIGH,SEVERE,SYNTHETIC
OBS-000071,EP-000071,SVC-0001,queue_depth,UP,2024-01-01T20:10:00+00:00,HIGH,SEVERE,SYNTHETIC
OBS-000072,EP-000072,SVC-0012,service_error_rate,UP,2024-01-01T20:27:00+00:00,LOW,ELEVATED,SYNTHETIC
OBS-000073,EP-000073,SVC-0001,queue_depth,UP,2024-01-01T20:44:00+00:00,LOW,ELEVATED,SYNTHETIC
OBS-000074,EP-000074,SVC-0005,connection_failure_rate,UP,2024-01-01T21:01:00+00:00,HIGH,SEVERE,SYNTHETIC
OBS-000075,EP-000075,SVC-0005,queue_depth,UP,2024-01-01T21:18:00+00:00,MEDIUM,ELEVATED,SYNTHETIC
OBS-000076,EP-000076,SVC-0008,connection_failure_rate,UP,2024-01-01T21:35:00+00:00,LOW,ELEVATED,SYNTHETIC
OBS-000077,EP-000077,SVC-0003,queue_depth,UP,2024-01-01T21:52:00+00:00,LOW,ELEVATED,SYNTHETIC
OBS-000078,EP-000078,SVC-0001,connection_failure_rate,UP,2024-01-01T22:09:00+00:00,HIGH,SEVERE,SYNTHETIC
OBS-000079,EP-000079,SVC-0003,request_timeout_rate,UP,2024-01-01T22:26:00+00:00,HIGH,SEVERE,SYNTHETIC
OBS-000080,EP-000080,SVC-0002,request_timeout_rate,UP,2024-01-01T22:43:00+00:00,LOW,ELEVATED,SYNTHETIC
OBS-000081,EP-000081,SVC-0001,queue_depth,UP,2024-01-01T23:00:00+00:00,LOW,ELEVATED,SYNTHETIC
OBS-000082,EP-000082,SVC-0012,transaction_failure_rate,UP,2024-01-01T23:17:00+00:00,LOW,ELEVATED,SYNTHETIC
OBS-000083,EP-000083,SVC-0001,request_latency_ms,UP,2024-01-01T23:34:00+00:00,HIGH,SEVERE,SYNTHETIC
OBS-000084,EP-000084,SVC-0005,service_error_rate,UP,2024-01-01T23:51:00+00:00,MEDIUM,ELEVATED,SYNTHETIC
OBS-000085,EP-000085,SVC-0005,request_timeout_rate,UP,2024-01-02T00:08:00+00:00,LOW,ELEVATED,SYNTHETIC
OBS-000086,EP-000086,SVC-0008,request_latency_ms,UP,2024-01-02T00:25:00+00:00,MEDIUM,ELEVATED,SYNTHETIC
OBS-000087,EP-000087,SVC-0003,service_error_rate,UP,2024-01-02T00:42:00+00:00,LOW,ELEVATED,SYNTHETIC
OBS-000088,EP-000088,SVC-0001,request_timeout_rate,UP,2024-01-02T00:59:00+00:00,HIGH,SEVERE,SYNTHETIC
OBS-000089,EP-000089,SVC-0003,connection_failure_rate,UP,2024-01-02T01:16:00+00:00,MEDIUM,ELEVATED,SYNTHETIC
OBS-000090,EP-000090,SVC-0002,request_timeout_rate,UP,2024-01-02T01:33:00+00:00,MEDIUM,ELEVATED,SYNTHETIC
OBS-000091,EP-000091,SVC-0001,request_latency_ms,UP,2024-01-02T01:50:00+00:00,LOW,ELEVATED,SYNTHETIC
OBS-000092,EP-000092,SVC-0002,service_error_rate,UP,2024-01-02T02:07:00+00:00,MEDIUM,ELEVATED,SYNTHETIC
OBS-000093,EP-000093,SVC-0001,connection_failure_rate,UP,2024-01-02T02:24:00+00:00,LOW,ELEVATED,SYNTHETIC
OBS-000094,EP-000094,SVC-0002,request_latency_ms,UP,2024-01-02T02:41:00+00:00,LOW,ELEVATED,SYNTHETIC
OBS-000095,EP-000095,SVC-0002,service_error_rate,UP,2024-01-02T02:58:00+00:00,MEDIUM,ELEVATED,SYNTHETIC
OBS-000096,EP-000096,SVC-0002,connection_failure_rate,UP,2024-01-02T03:15:00+00:00,HIGH,SEVERE,SYNTHETIC
OBS-000097,EP-000097,SVC-0001,transaction_failure_rate,UP,2024-01-02T03:32:00+00:00,HIGH,SEVERE,SYNTHETIC
OBS-000098,EP-000098,SVC-0002,transaction_failure_rate,UP,2024-01-02T03:49:00+00:00,LOW,ELEVATED,SYNTHETIC
OBS-000099,EP-000099,SVC-0002,authentication_failure_rate,UP,2024-01-02T04:06:00+00:00,MEDIUM,ELEVATED,SYNTHETIC
OBS-000100,EP-000100,SVC-0002,request_latency_ms,UP,2024-01-02T04:23:00+00:00,MEDIUM,ELEVATED,SYNTHETIC
OBS-000101,EP-000101,SVC-0001,service_error_rate,UP,2024-01-02T04:40:00+00:00,MEDIUM,ELEVATED,SYNTHETIC
OBS-000102,EP-000102,SVC-0002,request_timeout_rate,UP,2024-01-02T04:57:00+00:00,LOW,ELEVATED,SYNTHETIC
OBS-000103,EP-000103,SVC-0002,queue_depth,UP,2024-01-02T05:14:00+00:00,HIGH,SEVERE,SYNTHETIC
OBS-000104,EP-000104,SVC-0002,request_timeout_rate,UP,2024-01-02T05:31:00+00:00,MEDIUM,ELEVATED,SYNTHETIC
OBS-000105,EP-000105,SVC-0001,request_timeout_rate,UP,2024-01-02T05:48:00+00:00,LOW,ELEVATED,SYNTHETIC
OBS-000106,EP-000106,SVC-0002,queue_depth,UP,2024-01-02T06:05:00+00:00,MEDIUM,ELEVATED,SYNTHETIC
OBS-000107,EP-000107,SVC-0002,request_latency_ms,UP,2024-01-02T06:22:00+00:00,HIGH,SEVERE,SYNTHETIC
OBS-000108,EP-000108,SVC-0002,request_timeout_rate,UP,2024-01-02T06:39:00+00:00,MEDIUM,ELEVATED,SYNTHETIC
OBS-000109,EP-000109,SVC-0001,transaction_failure_rate,UP,2024-01-02T06:56:00+00:00,MEDIUM,ELEVATED,SYNTHETIC
OBS-000110,EP-000110,SVC-0002,request_timeout_rate,UP,2024-01-02T07:13:00+00:00,MEDIUM,ELEVATED,SYNTHETIC
OBS-000111,EP-000111,SVC-0002,queue_depth,UP,2024-01-02T07:30:00+00:00,MEDIUM,ELEVATED,SYNTHETIC
OBS-000112,EP-000112,SVC-0002,request_timeout_rate,UP,2024-01-02T07:47:00+00:00,MEDIUM,ELEVATED,SYNTHETIC
OBS-000113,EP-000113,SVC-0001,service_error_rate,UP,2024-01-02T08:04:00+00:00,HIGH,SEVERE,SYNTHETIC
OBS-000114,EP-000114,SVC-0002,service_error_rate,UP,2024-01-02T08:21:00+00:00,LOW,ELEVATED,SYNTHETIC
OBS-000115,EP-000115,SVC-0002,request_timeout_rate,UP,2024-01-02T08:38:00+00:00,LOW,ELEVATED,SYNTHETIC
OBS-000116,EP-000116,SVC-0002,request_timeout_rate,UP,2024-01-02T08:55:00+00:00,LOW,ELEVATED,SYNTHETIC
OBS-000117,EP-000117,SVC-0001,transaction_failure_rate,UP,2024-01-02T09:12:00+00:00,CRITICAL,SEVERE,SYNTHETIC
OBS-000118,EP-000118,SVC-0002,queue_depth,UP,2024-01-02T09:29:00+00:00,LOW,ELEVATED,SYNTHETIC
OBS-000119,EP-000119,SVC-0002,connection_failure_rate,UP,2024-01-02T09:46:00+00:00,HIGH,SEVERE,SYNTHETIC
OBS-000120,EP-000120,SVC-0002,queue_depth,UP,2024-01-02T10:03:00+00:00,LOW,ELEVATED,SYNTHETIC
OBS-000121,EP-000121,SVC-0001,queue_depth,UP,2024-01-02T10:20:00+00:00,MEDIUM,ELEVATED,SYNTHETIC
OBS-000122,EP-000122,SVC-0002,connection_failure_rate,UP,2024-01-02T10:37:00+00:00,HIGH,SEVERE,SYNTHETIC
OBS-000123,EP-000123,SVC-0002,request_timeout_rate,UP,2024-01-02T10:54:00+00:00,MEDIUM,ELEVATED,SYNTHETIC
OBS-000124,EP-000124,SVC-0002,transaction_failure_rate,UP,2024-01-02T11:11:00+00:00,MEDIUM,ELEVATED,SYNTHETIC
OBS-000125,EP-000125,SVC-0001,queue_depth,UP,2024-01-02T11:28:00+00:00,MEDIUM,ELEVATED,SYNTHETIC
OBS-000126,EP-000126,SVC-0002,queue_depth,UP,2024-01-02T11:45:00+00:00,HIGH,SEVERE,SYNTHETIC
OBS-000127,EP-000127,SVC-0002,request_timeout_rate,UP,2024-01-02T12:02:00+00:00,MEDIUM,ELEVATED,SYNTHETIC
OBS-000128,EP-000128,SVC-0002,connection_failure_rate,UP,2024-01-02T12:19:00+00:00,MEDIUM,ELEVATED,SYNTHETIC
OBS-000129,EP-000129,SVC-0001,service_error_rate,UP,2024-01-02T12:36:00+00:00,MEDIUM,ELEVATED,SYNTHETIC
OBS-000130,EP-000130,SVC-0002,authentication_failure_rate,UP,2024-01-02T12:53:00+00:00,LOW,ELEVATED,SYNTHETIC
OBS-000131,EP-000131,SVC-0002,service_error_rate,UP,2024-01-02T13:10:00+00:00,MEDIUM,ELEVATED,SYNTHETIC
OBS-000132,EP-000132,SVC-0002,queue_depth,UP,2024-01-02T13:27:00+00:00,LOW,ELEVATED,SYNTHETIC
OBS-000133,EP-000133,SVC-0002,service_error_rate,UP,2024-01-02T13:44:00+00:00,CRITICAL,SEVERE,SYNTHETIC
OBS-000134,EP-000134,SVC-0001,connection_failure_rate,UP,2024-01-02T14:01:00+00:00,LOW,ELEVATED,SYNTHETIC
OBS-000135,EP-000135,SVC-0002,request_timeout_rate,UP,2024-01-02T14:18:00+00:00,HIGH,SEVERE,SYNTHETIC
OBS-000136,EP-000136,SVC-0001,authentication_failure_rate,UP,2024-01-02T14:35:00+00:00,LOW,ELEVATED,SYNTHETIC
OBS-000137,EP-000137,SVC-0002,request_latency_ms,UP,2024-01-02T14:52:00+00:00,MEDIUM,ELEVATED,SYNTHETIC
OBS-000138,EP-000138,SVC-0001,transaction_failure_rate,UP,2024-01-02T15:09:00+00:00,MEDIUM,ELEVATED,SYNTHETIC
OBS-000139,EP-000139,SVC-0002,transaction_failure_rate,UP,2024-01-02T15:26:00+00:00,CRITICAL,SEVERE,SYNTHETIC
OBS-000140,EP-000140,SVC-0001,queue_depth,UP,2024-01-02T15:43:00+00:00,MEDIUM,ELEVATED,SYNTHETIC
OBS-000141,EP-000141,SVC-0002,request_timeout_rate,UP,2024-01-02T16:00:00+00:00,LOW,ELEVATED,SYNTHETIC
OBS-000142,EP-000142,SVC-0001,connection_failure_rate,UP,2024-01-02T16:17:00+00:00,LOW,ELEVATED,SYNTHETIC
OBS-000143,EP-000143,SVC-0002,transaction_failure_rate,UP,2024-01-02T16:34:00+00:00,MEDIUM,ELEVATED,SYNTHETIC
OBS-000144,EP-000144,SVC-0001,service_error_rate,UP,2024-01-02T16:51:00+00:00,HIGH,SEVERE,SYNTHETIC
OBS-000145,EP-000145,SVC-0002,service_error_rate,UP,2024-01-02T17:08:00+00:00,MEDIUM,ELEVATED,SYNTHETIC
OBS-000146,EP-000146,SVC-0001,request_latency_ms,UP,2024-01-02T17:25:00+00:00,MEDIUM,ELEVATED,SYNTHETIC
OBS-000147,EP-000147,SVC-0002,transaction_failure_rate,UP,2024-01-02T17:42:00+00:00,LOW,ELEVATED,SYNTHETIC
OBS-000148,EP-000148,SVC-0001,authentication_failure_rate,UP,2024-01-02T17:59:00+00:00,MEDIUM,ELEVATED,SYNTHETIC
OBS-000149,EP-000149,SVC-0002,request_latency_ms,UP,2024-01-02T18:16:00+00:00,MEDIUM,ELEVATED,SYNTHETIC
OBS-000150,EP-000150,SVC-0001,request_timeout_rate,UP,2024-01-02T18:33:00+00:00,HIGH,SEVERE,SYNTHETIC
OBS-000151,EP-000151,SVC-0002,transaction_failure_rate,UP,2024-01-02T18:50:00+00:00,LOW,ELEVATED,SYNTHETIC
OBS-000152,EP-000152,SVC-0001,service_error_rate,UP,2024-01-02T19:07:00+00:00,HIGH,SEVERE,SYNTHETIC
OBS-000153,EP-000153,SVC-0002,request_timeout_rate,UP,2024-01-02T19:24:00+00:00,MEDIUM,ELEVATED,SYNTHETIC
OBS-000154,EP-000154,SVC-0001,queue_depth,UP,2024-01-02T19:41:00+00:00,HIGH,SEVERE,SYNTHETIC
OBS-000155,EP-000155,SVC-0002,service_error_rate,UP,2024-01-02T19:58:00+00:00,MEDIUM,ELEVATED,SYNTHETIC
OBS-000156,EP-000156,SVC-0001,request_latency_ms,UP,2024-01-02T20:15:00+00:00,MEDIUM,ELEVATED,SYNTHETIC
OBS-000157,EP-000157,SVC-0002,transaction_failure_rate,UP,2024-01-02T20:32:00+00:00,MEDIUM,ELEVATED,SYNTHETIC
OBS-000158,EP-000158,SVC-0001,connection_failure_rate,UP,2024-01-02T20:49:00+00:00,CRITICAL,SEVERE,SYNTHETIC
OBS-000159,EP-000159,SVC-0002,request_latency_ms,UP,2024-01-02T21:06:00+00:00,MEDIUM,ELEVATED,SYNTHETIC
OBS-000160,EP-000160,SVC-0001,authentication_failure_rate,UP,2024-01-02T21:23:00+00:00,MEDIUM,ELEVATED,SYNTHETIC
OBS-000161,EP-000161,SVC-0002,service_error_rate,UP,2024-01-02T21:40:00+00:00,MEDIUM,ELEVATED,SYNTHETIC
OBS-000162,EP-000162,SVC-0001,connection_failure_rate,UP,2024-01-02T21:57:00+00:00,MEDIUM,ELEVATED,SYNTHETIC
OBS-000163,EP-000163,SVC-0002,service_error_rate,UP,2024-01-02T22:14:00+00:00,MEDIUM,ELEVATED,SYNTHETIC
OBS-000164,EP-000164,SVC-0001,transaction_failure_rate,UP,2024-01-02T22:31:00+00:00,MEDIUM,ELEVATED,SYNTHETIC
OBS-000165,EP-000165,SVC-0002,transaction_failure_rate,UP,2024-01-02T22:48:00+00:00,MEDIUM,ELEVATED,SYNTHETIC
OBS-000166,EP-000166,SVC-0001,queue_depth,UP,2024-01-02T23:05:00+00:00,HIGH,SEVERE,SYNTHETIC
OBS-000167,EP-000167,SVC-0002,request_latency_ms,UP,2024-01-02T23:22:00+00:00,HIGH,SEVERE,SYNTHETIC
OBS-000168,EP-000168,SVC-0001,queue_depth,UP,2024-01-02T23:39:00+00:00,HIGH,SEVERE,SYNTHETIC
OBS-000169,EP-000169,SVC-0002,connection_failure_rate,UP,2024-01-02T23:56:00+00:00,LOW,ELEVATED,SYNTHETIC
OBS-000170,EP-000170,SVC-0001,request_timeout_rate,UP,2024-01-03T00:13:00+00:00,MEDIUM,ELEVATED,SYNTHETIC
OBS-000171,EP-000171,SVC-0002,transaction_failure_rate,UP,2024-01-03T00:30:00+00:00,LOW,ELEVATED,SYNTHETIC
OBS-000172,EP-000172,SVC-0001,service_error_rate,UP,2024-01-03T00:47:00+00:00,MEDIUM,ELEVATED,SYNTHETIC
OBS-000173,EP-000173,SVC-0002,request_timeout_rate,UP,2024-01-03T01:04:00+00:00,HIGH,SEVERE,SYNTHETIC
OBS-000174,EP-000174,SVC-0001,request_latency_ms,UP,2024-01-03T01:21:00+00:00,HIGH,SEVERE,SYNTHETIC
OBS-000175,EP-000175,SVC-0002,request_timeout_rate,UP,2024-01-03T01:38:00+00:00,HIGH,SEVERE,SYNTHETIC
OBS-000176,EP-000176,SVC-0001,authentication_failure_rate,UP,2024-01-03T01:55:00+00:00,LOW,ELEVATED,SYNTHETIC
OBS-000177,EP-000177,SVC-0002,service_error_rate,UP,2024-01-03T02:12:00+00:00,MEDIUM,ELEVATED,SYNTHETIC
OBS-000178,EP-000178,SVC-0001,request_timeout_rate,UP,2024-01-03T02:29:00+00:00,LOW,ELEVATED,SYNTHETIC
OBS-000179,EP-000179,SVC-0002,connection_failure_rate,UP,2024-01-03T02:46:00+00:00,CRITICAL,SEVERE,SYNTHETIC
OBS-000180,EP-000180,SVC-0001,queue_depth,UP,2024-01-03T03:03:00+00:00,MEDIUM,ELEVATED,SYNTHETIC
OBS-000181,EP-000181,SVC-0002,queue_depth,UP,2024-01-03T03:20:00+00:00,HIGH,SEVERE,SYNTHETIC
OBS-000182,EP-000182,SVC-0001,request_timeout_rate,UP,2024-01-03T03:37:00+00:00,CRITICAL,SEVERE,SYNTHETIC
OBS-000183,EP-000183,SVC-0002,service_error_rate,UP,2024-01-03T03:54:00+00:00,MEDIUM,ELEVATED,SYNTHETIC
OBS-000184,EP-000184,SVC-0001,transaction_failure_rate,UP,2024-01-03T04:11:00+00:00,MEDIUM,ELEVATED,SYNTHETIC
OBS-000185,EP-000185,SVC-0002,authentication_failure_rate,UP,2024-01-03T04:28:00+00:00,LOW,ELEVATED,SYNTHETIC
OBS-000186,EP-000186,SVC-0001,request_latency_ms,UP,2024-01-03T04:45:00+00:00,MEDIUM,ELEVATED,SYNTHETIC
OBS-000187,EP-000187,SVC-0001,connection_failure_rate,UP,2024-01-03T05:02:00+00:00,MEDIUM,ELEVATED,SYNTHETIC
OBS-000188,EP-000188,SVC-0003,authentication_failure_rate,UP,2024-01-03T05:19:00+00:00,LOW,ELEVATED,SYNTHETIC
OBS-000189,EP-000189,SVC-0001,service_error_rate,UP,2024-01-03T05:36:00+00:00,LOW,ELEVATED,SYNTHETIC
OBS-000190,EP-000190,SVC-0001,authentication_failure_rate,UP,2024-01-03T05:53:00+00:00,LOW,ELEVATED,SYNTHETIC
OBS-000191,EP-000191,SVC-0007,authentication_failure_rate,UP,2024-01-03T06:10:00+00:00,LOW,ELEVATED,SYNTHETIC
OBS-000192,EP-000192,SVC-0001,queue_depth,UP,2024-01-03T06:27:00+00:00,HIGH,SEVERE,SYNTHETIC
OBS-000193,EP-000193,SVC-0001,connection_failure_rate,UP,2024-01-03T06:44:00+00:00,MEDIUM,ELEVATED,SYNTHETIC
OBS-000194,EP-000194,SVC-0001,service_error_rate,UP,2024-01-03T07:01:00+00:00,HIGH,SEVERE,SYNTHETIC
OBS-000195,EP-000195,SVC-0001,authentication_failure_rate,UP,2024-01-03T07:18:00+00:00,MEDIUM,ELEVATED,SYNTHETIC
OBS-000196,EP-000196,SVC-0003,request_timeout_rate,UP,2024-01-03T07:35:00+00:00,LOW,ELEVATED,SYNTHETIC
OBS-000197,EP-000197,SVC-0001,service_error_rate,UP,2024-01-03T07:52:00+00:00,HIGH,SEVERE,SYNTHETIC
OBS-000198,EP-000198,SVC-0001,authentication_failure_rate,UP,2024-01-03T08:09:00+00:00,HIGH,SEVERE,SYNTHETIC
OBS-000199,EP-000199,SVC-0007,authentication_failure_rate,UP,2024-01-03T08:26:00+00:00,HIGH,SEVERE,SYNTHETIC
OBS-000200,EP-000200,SVC-0001,service_error_rate,UP,2024-01-03T08:43:00+00:00,MEDIUM,ELEVATED,SYNTHETIC
OBS-000201,EP-000201,SVC-0001,queue_depth,UP,2024-01-03T09:00:00+00:00,MEDIUM,ELEVATED,SYNTHETIC
OBS-000202,EP-000202,SVC-0001,request_latency_ms,UP,2024-01-03T09:17:00+00:00,LOW,ELEVATED,SYNTHETIC
OBS-000203,EP-000203,SVC-0001,authentication_failure_rate,UP,2024-01-03T09:34:00+00:00,MEDIUM,ELEVATED,SYNTHETIC
OBS-000204,EP-000204,SVC-0003,request_timeout_rate,UP,2024-01-03T09:51:00+00:00,MEDIUM,ELEVATED,SYNTHETIC
OBS-000205,EP-000205,SVC-0001,service_error_rate,UP,2024-01-03T10:08:00+00:00,LOW,ELEVATED,SYNTHETIC
OBS-000206,EP-000206,SVC-0001,authentication_failure_rate,UP,2024-01-03T10:25:00+00:00,HIGH,SEVERE,SYNTHETIC
OBS-000207,EP-000207,SVC-0007,request_latency_ms,UP,2024-01-03T10:42:00+00:00,LOW,ELEVATED,SYNTHETIC
OBS-000208,EP-000208,SVC-0001,connection_failure_rate,UP,2024-01-03T10:59:00+00:00,MEDIUM,ELEVATED,SYNTHETIC
OBS-000209,EP-000209,SVC-0001,request_latency_ms,UP,2024-01-03T11:16:00+00:00,HIGH,SEVERE,SYNTHETIC
OBS-000210,EP-000210,SVC-0001,connection_failure_rate,UP,2024-01-03T11:33:00+00:00,LOW,ELEVATED,SYNTHETIC
OBS-000211,EP-000211,SVC-0001,connection_failure_rate,UP,2024-01-03T11:50:00+00:00,HIGH,SEVERE,SYNTHETIC
OBS-000212,EP-000212,SVC-0003,connection_failure_rate,UP,2024-01-03T12:07:00+00:00,HIGH,SEVERE,SYNTHETIC
OBS-000213,EP-000213,SVC-0001,queue_depth,UP,2024-01-03T12:24:00+00:00,MEDIUM,ELEVATED,SYNTHETIC
OBS-000214,EP-000214,SVC-0001,transaction_failure_rate,UP,2024-01-03T12:41:00+00:00,MEDIUM,ELEVATED,SYNTHETIC
OBS-000215,EP-000215,SVC-0007,authentication_failure_rate,UP,2024-01-03T12:58:00+00:00,LOW,ELEVATED,SYNTHETIC
OBS-000216,EP-000216,SVC-0001,request_timeout_rate,UP,2024-01-03T13:15:00+00:00,HIGH,SEVERE,SYNTHETIC
OBS-000217,EP-000217,SVC-0001,queue_depth,UP,2024-01-03T13:32:00+00:00,HIGH,SEVERE,SYNTHETIC
OBS-000218,EP-000218,SVC-0001,queue_depth,UP,2024-01-03T13:49:00+00:00,MEDIUM,ELEVATED,SYNTHETIC
OBS-000219,EP-000219,SVC-0001,queue_depth,UP,2024-01-03T14:06:00+00:00,MEDIUM,ELEVATED,SYNTHETIC
OBS-000220,EP-000220,SVC-0003,authentication_failure_rate,UP,2024-01-03T14:23:00+00:00,MEDIUM,ELEVATED,SYNTHETIC
OBS-000221,EP-000221,SVC-0001,transaction_failure_rate,UP,2024-01-03T14:40:00+00:00,LOW,ELEVATED,SYNTHETIC
OBS-000222,EP-000222,SVC-0001,queue_depth,UP,2024-01-03T14:57:00+00:00,MEDIUM,ELEVATED,SYNTHETIC
OBS-000223,EP-000223,SVC-0007,service_error_rate,UP,2024-01-03T15:14:00+00:00,MEDIUM,ELEVATED,SYNTHETIC
OBS-000224,EP-000224,SVC-0001,transaction_failure_rate,UP,2024-01-03T15:31:00+00:00,MEDIUM,ELEVATED,SYNTHETIC
OBS-000225,EP-000225,SVC-0001,service_error_rate,UP,2024-01-03T15:48:00+00:00,LOW,ELEVATED,SYNTHETIC
OBS-000226,EP-000226,SVC-0001,service_error_rate,UP,2024-01-03T16:05:00+00:00,MEDIUM,ELEVATED,SYNTHETIC
OBS-000227,EP-000227,SVC-0001,connection_failure_rate,UP,2024-01-03T16:22:00+00:00,MEDIUM,ELEVATED,SYNTHETIC
OBS-000228,EP-000228,SVC-0003,connection_failure_rate,UP,2024-01-03T16:39:00+00:00,MEDIUM,ELEVATED,SYNTHETIC
OBS-000229,EP-000229,SVC-0001,queue_depth,UP,2024-01-03T16:56:00+00:00,MEDIUM,ELEVATED,SYNTHETIC
OBS-000230,EP-000230,SVC-0001,request_timeout_rate,UP,2024-01-03T17:13:00+00:00,HIGH,SEVERE,SYNTHETIC
OBS-000231,EP-000231,SVC-0007,service_error_rate,UP,2024-01-03T17:30:00+00:00,LOW,ELEVATED,SYNTHETIC
OBS-000232,EP-000232,SVC-0001,connection_failure_rate,UP,2024-01-03T17:47:00+00:00,LOW,ELEVATED,SYNTHETIC
OBS-000233,EP-000233,SVC-0001,authentication_failure_rate,UP,2024-01-03T18:04:00+00:00,MEDIUM,ELEVATED,SYNTHETIC
OBS-000234,EP-000234,SVC-0001,authentication_failure_rate,UP,2024-01-03T18:21:00+00:00,MEDIUM,ELEVATED,SYNTHETIC
OBS-000235,EP-000235,SVC-0001,service_error_rate,UP,2024-01-03T18:38:00+00:00,MEDIUM,ELEVATED,SYNTHETIC
OBS-000236,EP-000236,SVC-0003,request_latency_ms,UP,2024-01-03T18:55:00+00:00,MEDIUM,ELEVATED,SYNTHETIC
OBS-000237,EP-000237,SVC-0001,request_timeout_rate,UP,2024-01-03T19:12:00+00:00,MEDIUM,ELEVATED,SYNTHETIC
OBS-000238,EP-000238,SVC-0001,request_timeout_rate,UP,2024-01-03T19:29:00+00:00,MEDIUM,ELEVATED,SYNTHETIC
OBS-000239,EP-000239,SVC-0007,connection_failure_rate,UP,2024-01-03T19:46:00+00:00,LOW,ELEVATED,SYNTHETIC
OBS-000240,EP-000240,SVC-0001,request_latency_ms,UP,2024-01-03T20:03:00+00:00,LOW,ELEVATED,SYNTHETIC
OBS-000241,EP-000241,SVC-0001,queue_depth,UP,2024-01-03T20:20:00+00:00,CRITICAL,SEVERE,SYNTHETIC
OBS-000242,EP-000242,SVC-0001,service_error_rate,UP,2024-01-03T20:37:00+00:00,LOW,ELEVATED,SYNTHETIC
OBS-000243,EP-000243,SVC-0001,request_timeout_rate,UP,2024-01-03T20:54:00+00:00,LOW,ELEVATED,SYNTHETIC
OBS-000244,EP-000244,SVC-0003,request_latency_ms,UP,2024-01-03T21:11:00+00:00,MEDIUM,ELEVATED,SYNTHETIC
OBS-000245,EP-000245,SVC-0001,request_timeout_rate,UP,2024-01-03T21:28:00+00:00,HIGH,SEVERE,SYNTHETIC
OBS-000246,EP-000246,SVC-0001,service_error_rate,UP,2024-01-03T21:45:00+00:00,LOW,ELEVATED,SYNTHETIC
OBS-000247,EP-000247,SVC-0007,service_error_rate,UP,2024-01-03T22:02:00+00:00,MEDIUM,ELEVATED,SYNTHETIC
OBS-000248,EP-000248,SVC-0001,request_timeout_rate,UP,2024-01-03T22:19:00+00:00,MEDIUM,ELEVATED,SYNTHETIC
OBS-000249,EP-000249,SVC-0001,request_timeout_rate,UP,2024-01-03T22:36:00+00:00,LOW,ELEVATED,SYNTHETIC
OBS-000250,EP-000250,SVC-0001,request_latency_ms,UP,2024-01-03T22:53:00+00:00,LOW,ELEVATED,SYNTHETIC
OBS-000251,EP-000251,SVC-0001,transaction_failure_rate,UP,2024-01-03T23:10:00+00:00,MEDIUM,ELEVATED,SYNTHETIC
OBS-000252,EP-000252,SVC-0003,queue_depth,UP,2024-01-03T23:27:00+00:00,HIGH,SEVERE,SYNTHETIC
OBS-000253,EP-000253,SVC-0001,authentication_failure_rate,UP,2024-01-03T23:44:00+00:00,MEDIUM,ELEVATED,SYNTHETIC
OBS-000254,EP-000254,SVC-0001,connection_failure_rate,UP,2024-01-04T00:01:00+00:00,MEDIUM,ELEVATED,SYNTHETIC
OBS-000255,EP-000255,SVC-0007,authentication_failure_rate,UP,2024-01-04T00:18:00+00:00,MEDIUM,ELEVATED,SYNTHETIC
OBS-000256,EP-000256,SVC-0001,connection_failure_rate,UP,2024-01-04T00:35:00+00:00,HIGH,SEVERE,SYNTHETIC
OBS-000257,EP-000257,SVC-0001,request_latency_ms,UP,2024-01-04T00:52:00+00:00,HIGH,SEVERE,SYNTHETIC
OBS-000258,EP-000258,SVC-0001,service_error_rate,UP,2024-01-04T01:09:00+00:00,MEDIUM,ELEVATED,SYNTHETIC
OBS-000259,EP-000259,SVC-0001,authentication_failure_rate,UP,2024-01-04T01:26:00+00:00,MEDIUM,ELEVATED,SYNTHETIC
OBS-000260,EP-000260,SVC-0003,connection_failure_rate,UP,2024-01-04T01:43:00+00:00,MEDIUM,ELEVATED,SYNTHETIC
OBS-000261,EP-000261,SVC-0001,transaction_failure_rate,UP,2024-01-04T02:00:00+00:00,LOW,ELEVATED,SYNTHETIC
OBS-000262,EP-000262,SVC-0001,transaction_failure_rate,UP,2024-01-04T02:17:00+00:00,LOW,ELEVATED,SYNTHETIC
OBS-000263,EP-000263,SVC-0007,queue_depth,UP,2024-01-04T02:34:00+00:00,MEDIUM,ELEVATED,SYNTHETIC
OBS-000264,EP-000264,SVC-0001,authentication_failure_rate,UP,2024-01-04T02:51:00+00:00,HIGH,SEVERE,SYNTHETIC
OBS-000265,EP-000265,SVC-0001,request_latency_ms,UP,2024-01-04T03:08:00+00:00,HIGH,SEVERE,SYNTHETIC
OBS-000266,EP-000266,SVC-0001,service_error_rate,UP,2024-01-04T03:25:00+00:00,MEDIUM,ELEVATED,SYNTHETIC
OBS-000267,EP-000267,SVC-0001,authentication_failure_rate,UP,2024-01-04T03:42:00+00:00,HIGH,SEVERE,SYNTHETIC
OBS-000268,EP-000268,SVC-0003,authentication_failure_rate,UP,2024-01-04T03:59:00+00:00,MEDIUM,ELEVATED,SYNTHETIC
OBS-000269,EP-000269,SVC-0001,authentication_failure_rate,UP,2024-01-04T04:16:00+00:00,LOW,ELEVATED,SYNTHETIC
OBS-000270,EP-000270,SVC-0001,authentication_failure_rate,UP,2024-01-04T04:33:00+00:00,HIGH,SEVERE,SYNTHETIC
OBS-000271,EP-000271,SVC-0007,service_error_rate,UP,2024-01-04T04:50:00+00:00,MEDIUM,ELEVATED,SYNTHETIC
OBS-000272,EP-000272,SVC-0001,connection_failure_rate,UP,2024-01-04T05:07:00+00:00,LOW,ELEVATED,SYNTHETIC
OBS-000273,EP-000273,SVC-0001,transaction_failure_rate,UP,2024-01-04T05:24:00+00:00,MEDIUM,ELEVATED,SYNTHETIC
OBS-000274,EP-000274,SVC-0001,transaction_failure_rate,UP,2024-01-04T05:41:00+00:00,LOW,ELEVATED,SYNTHETIC
OBS-000275,EP-000275,SVC-0001,transaction_failure_rate,UP,2024-01-04T05:58:00+00:00,MEDIUM,ELEVATED,SYNTHETIC
OBS-000276,EP-000276,SVC-0003,transaction_failure_rate,UP,2024-01-04T06:15:00+00:00,HIGH,SEVERE,SYNTHETIC
OBS-000277,EP-000277,SVC-0001,request_timeout_rate,UP,2024-01-04T06:32:00+00:00,HIGH,SEVERE,SYNTHETIC
OBS-000278,EP-000278,SVC-0001,request_timeout_rate,UP,2024-01-04T06:49:00+00:00,MEDIUM,ELEVATED,SYNTHETIC
OBS-000279,EP-000279,SVC-0007,queue_depth,UP,2024-01-04T07:06:00+00:00,LOW,ELEVATED,SYNTHETIC
OBS-000280,EP-000280,SVC-0001,transaction_failure_rate,UP,2024-01-04T07:23:00+00:00,LOW,ELEVATED,SYNTHETIC
OBS-000281,EP-000281,SVC-0001,request_latency_ms,UP,2024-01-04T07:40:00+00:00,MEDIUM,ELEVATED,SYNTHETIC
OBS-000282,EP-000282,SVC-0001,request_timeout_rate,UP,2024-01-04T07:57:00+00:00,MEDIUM,ELEVATED,SYNTHETIC
OBS-000283,EP-000283,SVC-0001,request_timeout_rate,UP,2024-01-04T08:14:00+00:00,CRITICAL,SEVERE,SYNTHETIC
OBS-000284,EP-000284,SVC-0003,queue_depth,UP,2024-01-04T08:31:00+00:00,LOW,ELEVATED,SYNTHETIC
OBS-000285,EP-000285,SVC-0001,request_latency_ms,UP,2024-01-04T08:48:00+00:00,MEDIUM,ELEVATED,SYNTHETIC
OBS-000286,EP-000286,SVC-0001,transaction_failure_rate,UP,2024-01-04T09:05:00+00:00,HIGH,SEVERE,SYNTHETIC
OBS-000287,EP-000287,SVC-0007,connection_failure_rate,UP,2024-01-04T09:22:00+00:00,LOW,ELEVATED,SYNTHETIC
OBS-000288,EP-000288,SVC-0001,transaction_failure_rate,UP,2024-01-04T09:39:00+00:00,HIGH,SEVERE,SYNTHETIC
OBS-000289,EP-000289,SVC-0001,authentication_failure_rate,UP,2024-01-04T09:56:00+00:00,CRITICAL,SEVERE,SYNTHETIC
OBS-000290,EP-000290,SVC-0001,queue_depth,UP,2024-01-04T10:13:00+00:00,MEDIUM,ELEVATED,SYNTHETIC
OBS-000291,EP-000291,SVC-0001,request_latency_ms,UP,2024-01-04T10:30:00+00:00,HIGH,SEVERE,SYNTHETIC
OBS-000292,EP-000292,SVC-0003,request_timeout_rate,UP,2024-01-04T10:47:00+00:00,HIGH,SEVERE,SYNTHETIC
OBS-000293,EP-000293,SVC-0001,queue_depth,UP,2024-01-04T11:04:00+00:00,HIGH,SEVERE,SYNTHETIC
OBS-000294,EP-000294,SVC-0001,authentication_failure_rate,UP,2024-01-04T11:21:00+00:00,HIGH,SEVERE,SYNTHETIC
OBS-000295,EP-000295,SVC-0007,authentication_failure_rate,UP,2024-01-04T11:38:00+00:00,MEDIUM,ELEVATED,SYNTHETIC
OBS-000296,EP-000296,SVC-0001,connection_failure_rate,UP,2024-01-04T11:55:00+00:00,MEDIUM,ELEVATED,SYNTHETIC
OBS-000297,EP-000297,SVC-0001,queue_depth,UP,2024-01-04T12:12:00+00:00,MEDIUM,ELEVATED,SYNTHETIC
OBS-000298,EP-000298,SVC-0001,transaction_failure_rate,UP,2024-01-04T12:29:00+00:00,MEDIUM,ELEVATED,SYNTHETIC
OBS-000299,EP-000299,SVC-0001,service_error_rate,UP,2024-01-04T12:46:00+00:00,MEDIUM,ELEVATED,SYNTHETIC
OBS-000300,EP-000300,SVC-0003,request_timeout_rate,UP,2024-01-04T13:03:00+00:00,LOW,ELEVATED,SYNTHETIC
OBS-000301,EP-000301,SVC-0001,connection_failure_rate,UP,2024-01-04T13:20:00+00:00,MEDIUM,ELEVATED,SYNTHETIC
OBS-000302,EP-000302,SVC-0001,connection_failure_rate,UP,2024-01-04T13:37:00+00:00,MEDIUM,ELEVATED,SYNTHETIC
OBS-000303,EP-000303,SVC-0007,transaction_failure_rate,UP,2024-01-04T13:54:00+00:00,LOW,ELEVATED,SYNTHETIC
OBS-000304,EP-000304,SVC-0001,queue_depth,UP,2024-01-04T14:11:00+00:00,MEDIUM,ELEVATED,SYNTHETIC
OBS-000305,EP-000305,SVC-0001,connection_failure_rate,UP,2024-01-04T14:28:00+00:00,LOW,ELEVATED,SYNTHETIC
OBS-000306,EP-000306,SVC-0001,request_latency_ms,UP,2024-01-04T14:45:00+00:00,CRITICAL,SEVERE,SYNTHETIC
OBS-000307,EP-000307,SVC-0002,request_latency_ms,UP,2024-01-04T15:02:00+00:00,LOW,ELEVATED,SYNTHETIC
OBS-000308,EP-000308,SVC-0001,queue_depth,UP,2024-01-04T15:19:00+00:00,MEDIUM,ELEVATED,SYNTHETIC
OBS-000309,EP-000309,SVC-0002,request_latency_ms,UP,2024-01-04T15:36:00+00:00,LOW,ELEVATED,SYNTHETIC
OBS-000310,EP-000310,SVC-0001,service_error_rate,UP,2024-01-04T15:53:00+00:00,HIGH,SEVERE,SYNTHETIC
OBS-000311,EP-000311,SVC-0002,request_latency_ms,UP,2024-01-04T16:10:00+00:00,CRITICAL,SEVERE,SYNTHETIC
OBS-000312,EP-000312,SVC-0001,transaction_failure_rate,UP,2024-01-04T16:27:00+00:00,LOW,ELEVATED,SYNTHETIC
OBS-000313,EP-000313,SVC-0002,service_error_rate,UP,2024-01-04T16:44:00+00:00,MEDIUM,ELEVATED,SYNTHETIC
OBS-000314,EP-000314,SVC-0001,connection_failure_rate,UP,2024-01-04T17:01:00+00:00,MEDIUM,ELEVATED,SYNTHETIC
OBS-000315,EP-000315,SVC-0002,request_latency_ms,UP,2024-01-04T17:18:00+00:00,HIGH,SEVERE,SYNTHETIC
OBS-000316,EP-000316,SVC-0001,transaction_failure_rate,UP,2024-01-04T17:35:00+00:00,LOW,ELEVATED,SYNTHETIC
OBS-000317,EP-000317,SVC-0002,authentication_failure_rate,UP,2024-01-04T17:52:00+00:00,MEDIUM,ELEVATED,SYNTHETIC
OBS-000318,EP-000318,SVC-0001,service_error_rate,UP,2024-01-04T18:09:00+00:00,LOW,ELEVATED,SYNTHETIC
OBS-000319,EP-000319,SVC-0002,authentication_failure_rate,UP,2024-01-04T18:26:00+00:00,LOW,ELEVATED,SYNTHETIC
OBS-000320,EP-000320,SVC-0001,request_latency_ms,UP,2024-01-04T18:43:00+00:00,MEDIUM,ELEVATED,SYNTHETIC
OBS-000321,EP-000321,SVC-0002,service_error_rate,UP,2024-01-04T19:00:00+00:00,MEDIUM,ELEVATED,SYNTHETIC
OBS-000322,EP-000322,SVC-0001,request_timeout_rate,UP,2024-01-04T19:17:00+00:00,LOW,ELEVATED,SYNTHETIC
OBS-000323,EP-000323,SVC-0002,connection_failure_rate,UP,2024-01-04T19:34:00+00:00,HIGH,SEVERE,SYNTHETIC
OBS-000324,EP-000324,SVC-0001,service_error_rate,UP,2024-01-04T19:51:00+00:00,LOW,ELEVATED,SYNTHETIC
OBS-000325,EP-000325,SVC-0002,service_error_rate,UP,2024-01-04T20:08:00+00:00,MEDIUM,ELEVATED,SYNTHETIC
OBS-000326,EP-000326,SVC-0001,connection_failure_rate,UP,2024-01-04T20:25:00+00:00,CRITICAL,SEVERE,SYNTHETIC
OBS-000327,EP-000327,SVC-0002,transaction_failure_rate,UP,2024-01-04T20:42:00+00:00,MEDIUM,ELEVATED,SYNTHETIC
OBS-000328,EP-000328,SVC-0001,authentication_failure_rate,UP,2024-01-04T20:59:00+00:00,MEDIUM,ELEVATED,SYNTHETIC
OBS-000329,EP-000329,SVC-0002,connection_failure_rate,UP,2024-01-04T21:16:00+00:00,MEDIUM,ELEVATED,SYNTHETIC
OBS-000330,EP-000330,SVC-0001,service_error_rate,UP,2024-01-04T21:33:00+00:00,LOW,ELEVATED,SYNTHETIC
OBS-000331,EP-000331,SVC-0002,connection_failure_rate,UP,2024-01-04T21:50:00+00:00,HIGH,SEVERE,SYNTHETIC
OBS-000332,EP-000332,SVC-0001,service_error_rate,UP,2024-01-04T22:07:00+00:00,LOW,ELEVATED,SYNTHETIC
OBS-000333,EP-000333,SVC-0002,request_latency_ms,UP,2024-01-04T22:24:00+00:00,LOW,ELEVATED,SYNTHETIC
OBS-000334,EP-000334,SVC-0001,connection_failure_rate,UP,2024-01-04T22:41:00+00:00,HIGH,SEVERE,SYNTHETIC
OBS-000335,EP-000335,SVC-0002,authentication_failure_rate,UP,2024-01-04T22:58:00+00:00,HIGH,SEVERE,SYNTHETIC
OBS-000336,EP-000336,SVC-0001,service_error_rate,UP,2024-01-04T23:15:00+00:00,LOW,ELEVATED,SYNTHETIC
OBS-000337,EP-000337,SVC-0002,connection_failure_rate,UP,2024-01-04T23:32:00+00:00,HIGH,SEVERE,SYNTHETIC
OBS-000338,EP-000338,SVC-0001,connection_failure_rate,UP,2024-01-04T23:49:00+00:00,MEDIUM,ELEVATED,SYNTHETIC
OBS-000339,EP-000339,SVC-0002,connection_failure_rate,UP,2024-01-05T00:06:00+00:00,LOW,ELEVATED,SYNTHETIC
OBS-000340,EP-000340,SVC-0001,connection_failure_rate,UP,2024-01-05T00:23:00+00:00,MEDIUM,ELEVATED,SYNTHETIC
OBS-000341,EP-000341,SVC-0002,request_latency_ms,UP,2024-01-05T00:40:00+00:00,MEDIUM,ELEVATED,SYNTHETIC
OBS-000342,EP-000342,SVC-0001,request_latency_ms,UP,2024-01-05T00:57:00+00:00,MEDIUM,ELEVATED,SYNTHETIC
OBS-000343,EP-000343,SVC-0002,connection_failure_rate,UP,2024-01-05T01:14:00+00:00,MEDIUM,ELEVATED,SYNTHETIC
OBS-000344,EP-000344,SVC-0001,transaction_failure_rate,UP,2024-01-05T01:31:00+00:00,MEDIUM,ELEVATED,SYNTHETIC
OBS-000345,EP-000345,SVC-0002,request_latency_ms,UP,2024-01-05T01:48:00+00:00,CRITICAL,SEVERE,SYNTHETIC
OBS-000346,EP-000346,SVC-0001,request_latency_ms,UP,2024-01-05T02:05:00+00:00,MEDIUM,ELEVATED,SYNTHETIC
OBS-000347,EP-000347,SVC-0002,connection_failure_rate,UP,2024-01-05T02:22:00+00:00,MEDIUM,ELEVATED,SYNTHETIC
OBS-000348,EP-000348,SVC-0001,queue_depth,UP,2024-01-05T02:39:00+00:00,LOW,ELEVATED,SYNTHETIC
OBS-000349,EP-000349,SVC-0002,request_latency_ms,UP,2024-01-05T02:56:00+00:00,CRITICAL,SEVERE,SYNTHETIC
OBS-000350,EP-000350,SVC-0001,service_error_rate,UP,2024-01-05T03:13:00+00:00,HIGH,SEVERE,SYNTHETIC
OBS-000351,EP-000351,SVC-0002,queue_depth,UP,2024-01-05T03:30:00+00:00,HIGH,SEVERE,SYNTHETIC
OBS-000352,EP-000352,SVC-0001,service_error_rate,UP,2024-01-05T03:47:00+00:00,MEDIUM,ELEVATED,SYNTHETIC
OBS-000353,EP-000353,SVC-0002,queue_depth,UP,2024-01-05T04:04:00+00:00,LOW,ELEVATED,SYNTHETIC
OBS-000354,EP-000354,SVC-0001,service_error_rate,UP,2024-01-05T04:21:00+00:00,MEDIUM,ELEVATED,SYNTHETIC
OBS-000355,EP-000355,SVC-0002,request_latency_ms,UP,2024-01-05T04:38:00+00:00,MEDIUM,ELEVATED,SYNTHETIC
OBS-000356,EP-000356,SVC-0001,request_timeout_rate,UP,2024-01-05T04:55:00+00:00,HIGH,SEVERE,SYNTHETIC
OBS-000357,EP-000357,SVC-0002,transaction_failure_rate,UP,2024-01-05T05:12:00+00:00,MEDIUM,ELEVATED,SYNTHETIC
OBS-000358,EP-000358,SVC-0001,transaction_failure_rate,UP,2024-01-05T05:29:00+00:00,MEDIUM,ELEVATED,SYNTHETIC
OBS-000359,EP-000359,SVC-0002,request_timeout_rate,UP,2024-01-05T05:46:00+00:00,LOW,ELEVATED,SYNTHETIC
OBS-000360,EP-000360,SVC-0001,connection_failure_rate,UP,2024-01-05T06:03:00+00:00,LOW,ELEVATED,SYNTHETIC
OBS-000361,EP-000361,SVC-0002,queue_depth,UP,2024-01-05T06:20:00+00:00,HIGH,SEVERE,SYNTHETIC
OBS-000362,EP-000362,SVC-0001,queue_depth,UP,2024-01-05T06:37:00+00:00,LOW,ELEVATED,SYNTHETIC
OBS-000363,EP-000363,SVC-0002,connection_failure_rate,UP,2024-01-05T06:54:00+00:00,LOW,ELEVATED,SYNTHETIC
OBS-000364,EP-000364,SVC-0001,service_error_rate,UP,2024-01-05T07:11:00+00:00,MEDIUM,ELEVATED,SYNTHETIC
OBS-000365,EP-000365,SVC-0002,queue_depth,UP,2024-01-05T07:28:00+00:00,MEDIUM,ELEVATED,SYNTHETIC
OBS-000366,EP-000366,SVC-0001,request_latency_ms,UP,2024-01-05T07:45:00+00:00,MEDIUM,ELEVATED,SYNTHETIC
OBS-000367,EP-000367,SVC-0002,request_latency_ms,UP,2024-01-05T08:02:00+00:00,HIGH,SEVERE,SYNTHETIC
OBS-000368,EP-000368,SVC-0001,authentication_failure_rate,UP,2024-01-05T08:19:00+00:00,HIGH,SEVERE,SYNTHETIC
OBS-000369,EP-000369,SVC-0002,authentication_failure_rate,UP,2024-01-05T08:36:00+00:00,MEDIUM,ELEVATED,SYNTHETIC
OBS-000370,EP-000370,SVC-0001,request_latency_ms,UP,2024-01-05T08:53:00+00:00,MEDIUM,ELEVATED,SYNTHETIC
OBS-000371,EP-000371,SVC-0002,transaction_failure_rate,UP,2024-01-05T09:10:00+00:00,LOW,ELEVATED,SYNTHETIC
OBS-000372,EP-000372,SVC-0001,request_timeout_rate,UP,2024-01-05T09:27:00+00:00,MEDIUM,ELEVATED,SYNTHETIC
OBS-000373,EP-000373,SVC-0002,queue_depth,UP,2024-01-05T09:44:00+00:00,LOW,ELEVATED,SYNTHETIC
OBS-000374,EP-000374,SVC-0001,request_latency_ms,UP,2024-01-05T10:01:00+00:00,HIGH,SEVERE,SYNTHETIC
OBS-000375,EP-000375,SVC-0002,request_latency_ms,UP,2024-01-05T10:18:00+00:00,LOW,ELEVATED,SYNTHETIC
OBS-000376,EP-000376,SVC-0001,transaction_failure_rate,UP,2024-01-05T10:35:00+00:00,LOW,ELEVATED,SYNTHETIC
OBS-000377,EP-000377,SVC-0002,connection_failure_rate,UP,2024-01-05T10:52:00+00:00,LOW,ELEVATED,SYNTHETIC
OBS-000378,EP-000378,SVC-0001,service_error_rate,UP,2024-01-05T11:09:00+00:00,MEDIUM,ELEVATED,SYNTHETIC
OBS-000379,EP-000379,SVC-0002,authentication_failure_rate,UP,2024-01-05T11:26:00+00:00,MEDIUM,ELEVATED,SYNTHETIC
OBS-000380,EP-000380,SVC-0001,connection_failure_rate,UP,2024-01-05T11:43:00+00:00,MEDIUM,ELEVATED,SYNTHETIC
OBS-000381,EP-000381,SVC-0002,queue_depth,UP,2024-01-05T12:00:00+00:00,HIGH,SEVERE,SYNTHETIC
OBS-000382,EP-000382,SVC-0001,transaction_failure_rate,UP,2024-01-05T12:17:00+00:00,MEDIUM,ELEVATED,SYNTHETIC
OBS-000383,EP-000383,SVC-0002,request_timeout_rate,UP,2024-01-05T12:34:00+00:00,HIGH,SEVERE,SYNTHETIC
OBS-000384,EP-000384,SVC-0001,service_error_rate,UP,2024-01-05T12:51:00+00:00,LOW,ELEVATED,SYNTHETIC
OBS-000385,EP-000385,SVC-0002,request_latency_ms,UP,2024-01-05T13:08:00+00:00,CRITICAL,SEVERE,SYNTHETIC
OBS-000386,EP-000386,SVC-0001,transaction_failure_rate,UP,2024-01-05T13:25:00+00:00,MEDIUM,ELEVATED,SYNTHETIC
OBS-000387,EP-000387,SVC-0002,queue_depth,UP,2024-01-05T13:42:00+00:00,MEDIUM,ELEVATED,SYNTHETIC
OBS-000388,EP-000388,SVC-0001,queue_depth,UP,2024-01-05T13:59:00+00:00,CRITICAL,SEVERE,SYNTHETIC
OBS-000389,EP-000389,SVC-0002,request_timeout_rate,UP,2024-01-05T14:16:00+00:00,LOW,ELEVATED,SYNTHETIC
OBS-000390,EP-000390,SVC-0001,request_timeout_rate,UP,2024-01-05T14:33:00+00:00,LOW,ELEVATED,SYNTHETIC
OBS-000391,EP-000391,SVC-0002,service_error_rate,UP,2024-01-05T14:50:00+00:00,MEDIUM,ELEVATED,SYNTHETIC
OBS-000392,EP-000392,SVC-0001,service_error_rate,UP,2024-01-05T15:07:00+00:00,MEDIUM,ELEVATED,SYNTHETIC
OBS-000393,EP-000393,SVC-0002,connection_failure_rate,UP,2024-01-05T15:24:00+00:00,LOW,ELEVATED,SYNTHETIC
OBS-000394,EP-000394,SVC-0001,transaction_failure_rate,UP,2024-01-05T15:41:00+00:00,HIGH,SEVERE,SYNTHETIC
OBS-000395,EP-000395,SVC-0002,authentication_failure_rate,UP,2024-01-05T15:58:00+00:00,HIGH,SEVERE,SYNTHETIC
OBS-000396,EP-000396,SVC-0001,request_timeout_rate,UP,2024-01-05T16:15:00+00:00,MEDIUM,ELEVATED,SYNTHETIC
OBS-000397,EP-000397,SVC-0002,connection_failure_rate,UP,2024-01-05T16:32:00+00:00,HIGH,SEVERE,SYNTHETIC
OBS-000398,EP-000398,SVC-0001,request_timeout_rate,UP,2024-01-05T16:49:00+00:00,CRITICAL,SEVERE,SYNTHETIC
OBS-000399,EP-000399,SVC-0002,connection_failure_rate,UP,2024-01-05T17:06:00+00:00,HIGH,SEVERE,SYNTHETIC
OBS-000400,EP-000400,SVC-0001,request_timeout_rate,UP,2024-01-05T17:23:00+00:00,MEDIUM,ELEVATED,SYNTHETIC
OBS-000401,EP-000401,SVC-0002,authentication_failure_rate,UP,2024-01-05T17:40:00+00:00,LOW,ELEVATED,SYNTHETIC
OBS-000402,EP-000402,SVC-0001,request_timeout_rate,UP,2024-01-05T17:57:00+00:00,LOW,ELEVATED,SYNTHETIC
OBS-000403,EP-000403,SVC-0002,service_error_rate,UP,2024-01-05T18:14:00+00:00,LOW,ELEVATED,SYNTHETIC
OBS-000404,EP-000404,SVC-0001,authentication_failure_rate,UP,2024-01-05T18:31:00+00:00,LOW,ELEVATED,SYNTHETIC
OBS-000405,EP-000405,SVC-0002,request_timeout_rate,UP,2024-01-05T18:48:00+00:00,MEDIUM,ELEVATED,SYNTHETIC
OBS-000406,EP-000406,SVC-0001,authentication_failure_rate,UP,2024-01-05T19:05:00+00:00,MEDIUM,ELEVATED,SYNTHETIC
OBS-000407,EP-000407,SVC-0002,queue_depth,UP,2024-01-05T19:22:00+00:00,LOW,ELEVATED,SYNTHETIC
OBS-000408,EP-000408,SVC-0001,connection_failure_rate,UP,2024-01-05T19:39:00+00:00,HIGH,SEVERE,SYNTHETIC
OBS-000409,EP-000409,SVC-0002,request_latency_ms,UP,2024-01-05T19:56:00+00:00,HIGH,SEVERE,SYNTHETIC
OBS-000410,EP-000410,SVC-0001,queue_depth,UP,2024-01-05T20:13:00+00:00,MEDIUM,ELEVATED,SYNTHETIC
OBS-000411,EP-000411,SVC-0002,connection_failure_rate,UP,2024-01-05T20:30:00+00:00,MEDIUM,ELEVATED,SYNTHETIC
OBS-000412,EP-000412,SVC-0001,request_timeout_rate,UP,2024-01-05T20:47:00+00:00,HIGH,SEVERE,SYNTHETIC
OBS-000413,EP-000413,SVC-0002,request_timeout_rate,UP,2024-01-05T21:04:00+00:00,MEDIUM,ELEVATED,SYNTHETIC
OBS-000414,EP-000414,SVC-0001,service_error_rate,UP,2024-01-05T21:21:00+00:00,MEDIUM,ELEVATED,SYNTHETIC
OBS-000415,EP-000415,SVC-0002,request_timeout_rate,UP,2024-01-05T21:38:00+00:00,LOW,ELEVATED,SYNTHETIC
OBS-000416,EP-000416,SVC-0001,request_timeout_rate,UP,2024-01-05T21:55:00+00:00,HIGH,SEVERE,SYNTHETIC
OBS-000417,EP-000417,SVC-0002,connection_failure_rate,UP,2024-01-05T22:12:00+00:00,LOW,ELEVATED,SYNTHETIC
OBS-000418,EP-000418,SVC-0001,queue_depth,UP,2024-01-05T22:29:00+00:00,HIGH,SEVERE,SYNTHETIC
OBS-000419,EP-000419,SVC-0002,queue_depth,UP,2024-01-05T22:46:00+00:00,LOW,ELEVATED,SYNTHETIC
OBS-000420,EP-000420,SVC-0001,authentication_failure_rate,UP,2024-01-05T23:03:00+00:00,HIGH,SEVERE,SYNTHETIC
OBS-000421,EP-000421,SVC-0002,transaction_failure_rate,UP,2024-01-05T23:20:00+00:00,MEDIUM,ELEVATED,SYNTHETIC
OBS-000422,EP-000422,SVC-0001,connection_failure_rate,UP,2024-01-05T23:37:00+00:00,HIGH,SEVERE,SYNTHETIC
OBS-000423,EP-000423,SVC-0002,transaction_failure_rate,UP,2024-01-05T23:54:00+00:00,MEDIUM,ELEVATED,SYNTHETIC
OBS-000424,EP-000424,SVC-0001,request_timeout_rate,UP,2024-01-06T00:11:00+00:00,CRITICAL,SEVERE,SYNTHETIC
OBS-000425,EP-000425,SVC-0002,authentication_failure_rate,UP,2024-01-06T00:28:00+00:00,MEDIUM,ELEVATED,SYNTHETIC
OBS-000426,EP-000426,SVC-0001,transaction_failure_rate,UP,2024-01-06T00:45:00+00:00,HIGH,SEVERE,SYNTHETIC
OBS-000427,EP-000427,SVC-0002,service_error_rate,UP,2024-01-06T01:02:00+00:00,LOW,ELEVATED,SYNTHETIC
OBS-000428,EP-000428,SVC-0001,queue_depth,UP,2024-01-06T01:19:00+00:00,HIGH,SEVERE,SYNTHETIC
OBS-000429,EP-000429,SVC-0002,service_error_rate,UP,2024-01-06T01:36:00+00:00,LOW,ELEVATED,SYNTHETIC
OBS-000430,EP-000430,SVC-0001,authentication_failure_rate,UP,2024-01-06T01:53:00+00:00,MEDIUM,ELEVATED,SYNTHETIC
OBS-000431,EP-000431,SVC-0002,transaction_failure_rate,UP,2024-01-06T02:10:00+00:00,LOW,ELEVATED,SYNTHETIC
OBS-000432,EP-000432,SVC-0001,transaction_failure_rate,UP,2024-01-06T02:27:00+00:00,MEDIUM,ELEVATED,SYNTHETIC
OBS-000433,EP-000433,SVC-0002,connection_failure_rate,UP,2024-01-06T02:44:00+00:00,HIGH,SEVERE,SYNTHETIC
OBS-000434,EP-000434,SVC-0001,request_timeout_rate,UP,2024-01-06T03:01:00+00:00,MEDIUM,ELEVATED,SYNTHETIC
OBS-000435,EP-000435,SVC-0002,transaction_failure_rate,UP,2024-01-06T03:18:00+00:00,LOW,ELEVATED,SYNTHETIC
OBS-000436,EP-000436,SVC-0001,request_timeout_rate,UP,2024-01-06T03:35:00+00:00,MEDIUM,ELEVATED,SYNTHETIC
OBS-000437,EP-000437,SVC-0002,authentication_failure_rate,UP,2024-01-06T03:52:00+00:00,CRITICAL,SEVERE,SYNTHETIC
OBS-000438,EP-000438,SVC-0001,request_latency_ms,UP,2024-01-06T04:09:00+00:00,HIGH,SEVERE,SYNTHETIC
OBS-000439,EP-000439,SVC-0002,request_latency_ms,UP,2024-01-06T04:26:00+00:00,LOW,ELEVATED,SYNTHETIC
OBS-000440,EP-000440,SVC-0001,queue_depth,UP,2024-01-06T04:43:00+00:00,LOW,ELEVATED,SYNTHETIC
OBS-000441,EP-000441,SVC-0002,authentication_failure_rate,UP,2024-01-06T05:00:00+00:00,MEDIUM,ELEVATED,SYNTHETIC
OBS-000442,EP-000442,SVC-0001,request_latency_ms,UP,2024-01-06T05:17:00+00:00,MEDIUM,ELEVATED,SYNTHETIC
OBS-000443,EP-000443,SVC-0002,connection_failure_rate,UP,2024-01-06T05:34:00+00:00,MEDIUM,ELEVATED,SYNTHETIC
OBS-000444,EP-000444,SVC-0001,queue_depth,UP,2024-01-06T05:51:00+00:00,CRITICAL,SEVERE,SYNTHETIC
OBS-000445,EP-000445,SVC-0002,service_error_rate,UP,2024-01-06T06:08:00+00:00,MEDIUM,ELEVATED,SYNTHETIC
OBS-000446,EP-000446,SVC-0001,queue_depth,UP,2024-01-06T06:25:00+00:00,HIGH,SEVERE,SYNTHETIC
OBS-000447,EP-000447,SVC-0002,connection_failure_rate,UP,2024-01-06T06:42:00+00:00,MEDIUM,ELEVATED,SYNTHETIC
OBS-000448,EP-000448,SVC-0001,service_error_rate,UP,2024-01-06T06:59:00+00:00,MEDIUM,ELEVATED,SYNTHETIC
OBS-000449,EP-000449,SVC-0002,transaction_failure_rate,UP,2024-01-06T07:16:00+00:00,HIGH,SEVERE,SYNTHETIC
OBS-000450,EP-000450,SVC-0001,connection_failure_rate,UP,2024-01-06T07:33:00+00:00,HIGH,SEVERE,SYNTHETIC
OBS-000451,EP-000451,SVC-0002,connection_failure_rate,UP,2024-01-06T07:50:00+00:00,MEDIUM,ELEVATED,SYNTHETIC
OBS-000452,EP-000452,SVC-0001,request_latency_ms,UP,2024-01-06T08:07:00+00:00,LOW,ELEVATED,SYNTHETIC
OBS-000453,EP-000453,SVC-0002,queue_depth,UP,2024-01-06T08:24:00+00:00,MEDIUM,ELEVATED,SYNTHETIC
OBS-000454,EP-000454,SVC-0001,authentication_failure_rate,UP,2024-01-06T08:41:00+00:00,HIGH,SEVERE,SYNTHETIC
OBS-000455,EP-000455,SVC-0002,connection_failure_rate,UP,2024-01-06T08:58:00+00:00,MEDIUM,ELEVATED,SYNTHETIC
OBS-000456,EP-000456,SVC-0001,connection_failure_rate,UP,2024-01-06T09:15:00+00:00,MEDIUM,ELEVATED,SYNTHETIC
OBS-000457,EP-000457,SVC-0002,connection_failure_rate,UP,2024-01-06T09:32:00+00:00,MEDIUM,ELEVATED,SYNTHETIC
OBS-000458,EP-000458,SVC-0001,connection_failure_rate,UP,2024-01-06T09:49:00+00:00,CRITICAL,SEVERE,SYNTHETIC
OBS-000459,EP-000459,SVC-0002,request_latency_ms,UP,2024-01-06T10:06:00+00:00,LOW,ELEVATED,SYNTHETIC
OBS-000460,EP-000460,SVC-0001,request_timeout_rate,UP,2024-01-06T10:23:00+00:00,LOW,ELEVATED,SYNTHETIC
OBS-000461,EP-000461,SVC-0002,authentication_failure_rate,UP,2024-01-06T10:40:00+00:00,MEDIUM,ELEVATED,SYNTHETIC
OBS-000462,EP-000462,SVC-0001,request_latency_ms,UP,2024-01-06T10:57:00+00:00,CRITICAL,SEVERE,SYNTHETIC
OBS-000463,EP-000463,SVC-0002,request_timeout_rate,UP,2024-01-06T11:14:00+00:00,LOW,ELEVATED,SYNTHETIC
OBS-000464,EP-000464,SVC-0001,transaction_failure_rate,UP,2024-01-06T11:31:00+00:00,MEDIUM,ELEVATED,SYNTHETIC
OBS-000465,EP-000465,SVC-0002,request_timeout_rate,UP,2024-01-06T11:48:00+00:00,CRITICAL,SEVERE,SYNTHETIC
OBS-000466,EP-000466,SVC-0001,transaction_failure_rate,UP,2024-01-06T12:05:00+00:00,LOW,ELEVATED,SYNTHETIC
OBS-000467,EP-000467,SVC-0002,authentication_failure_rate,UP,2024-01-06T12:22:00+00:00,HIGH,SEVERE,SYNTHETIC
OBS-000468,EP-000468,SVC-0001,connection_failure_rate,UP,2024-01-06T12:39:00+00:00,MEDIUM,ELEVATED,SYNTHETIC
OBS-000469,EP-000469,SVC-0002,connection_failure_rate,UP,2024-01-06T12:56:00+00:00,MEDIUM,ELEVATED,SYNTHETIC
OBS-000470,EP-000470,SVC-0001,queue_depth,UP,2024-01-06T13:13:00+00:00,HIGH,SEVERE,SYNTHETIC
OBS-000471,EP-000471,SVC-0002,service_error_rate,UP,2024-01-06T13:30:00+00:00,MEDIUM,ELEVATED,SYNTHETIC
OBS-000472,EP-000472,SVC-0001,transaction_failure_rate,UP,2024-01-06T13:47:00+00:00,HIGH,SEVERE,SYNTHETIC
OBS-000473,EP-000473,SVC-0002,service_error_rate,UP,2024-01-06T14:04:00+00:00,LOW,ELEVATED,SYNTHETIC
OBS-000474,EP-000474,SVC-0001,service_error_rate,UP,2024-01-06T14:21:00+00:00,MEDIUM,ELEVATED,SYNTHETIC
OBS-000475,EP-000475,SVC-0002,queue_depth,UP,2024-01-06T14:38:00+00:00,MEDIUM,ELEVATED,SYNTHETIC
OBS-000476,EP-000476,SVC-0001,queue_depth,UP,2024-01-06T14:55:00+00:00,MEDIUM,ELEVATED,SYNTHETIC
OBS-000477,EP-000477,SVC-0002,connection_failure_rate,UP,2024-01-06T15:12:00+00:00,HIGH,SEVERE,SYNTHETIC
OBS-000478,EP-000478,SVC-0001,connection_failure_rate,UP,2024-01-06T15:29:00+00:00,MEDIUM,ELEVATED,SYNTHETIC
OBS-000479,EP-000479,SVC-0002,transaction_failure_rate,UP,2024-01-06T15:46:00+00:00,LOW,ELEVATED,SYNTHETIC
OBS-000480,EP-000480,SVC-0001,queue_depth,UP,2024-01-06T16:03:00+00:00,MEDIUM,ELEVATED,SYNTHETIC
OBS-000481,EP-000481,SVC-0002,connection_failure_rate,UP,2024-01-06T16:20:00+00:00,HIGH,SEVERE,SYNTHETIC
OBS-000482,EP-000482,SVC-0001,authentication_failure_rate,UP,2024-01-06T16:37:00+00:00,HIGH,SEVERE,SYNTHETIC
OBS-000483,EP-000483,SVC-0002,request_latency_ms,UP,2024-01-06T16:54:00+00:00,MEDIUM,ELEVATED,SYNTHETIC
OBS-000484,EP-000484,SVC-0001,transaction_failure_rate,UP,2024-01-06T17:11:00+00:00,MEDIUM,ELEVATED,SYNTHETIC
OBS-000485,EP-000485,SVC-0002,authentication_failure_rate,UP,2024-01-06T17:28:00+00:00,HIGH,SEVERE,SYNTHETIC
OBS-000486,EP-000486,SVC-0001,authentication_failure_rate,UP,2024-01-06T17:45:00+00:00,HIGH,SEVERE,SYNTHETIC
OBS-000487,EP-000487,SVC-0002,request_timeout_rate,UP,2024-01-06T18:02:00+00:00,MEDIUM,ELEVATED,SYNTHETIC
OBS-000488,EP-000488,SVC-0001,authentication_failure_rate,UP,2024-01-06T18:19:00+00:00,MEDIUM,ELEVATED,SYNTHETIC
OBS-000489,EP-000489,SVC-0002,request_timeout_rate,UP,2024-01-06T18:36:00+00:00,MEDIUM,ELEVATED,SYNTHETIC
OBS-000490,EP-000490,SVC-0001,authentication_failure_rate,UP,2024-01-06T18:53:00+00:00,LOW,ELEVATED,SYNTHETIC
OBS-000491,EP-000491,SVC-0002,queue_depth,UP,2024-01-06T19:10:00+00:00,CRITICAL,SEVERE,SYNTHETIC
OBS-000492,EP-000492,SVC-0001,service_error_rate,UP,2024-01-06T19:27:00+00:00,HIGH,SEVERE,SYNTHETIC
OBS-000493,EP-000493,SVC-0002,service_error_rate,UP,2024-01-06T19:44:00+00:00,MEDIUM,ELEVATED,SYNTHETIC
OBS-000494,EP-000494,SVC-0001,service_error_rate,UP,2024-01-06T20:01:00+00:00,MEDIUM,ELEVATED,SYNTHETIC
OBS-000495,EP-000495,SVC-0002,request_latency_ms,UP,2024-01-06T20:18:00+00:00,MEDIUM,ELEVATED,SYNTHETIC
OBS-000496,EP-000496,SVC-0001,service_error_rate,UP,2024-01-06T20:35:00+00:00,LOW,ELEVATED,SYNTHETIC
OBS-000497,EP-000497,SVC-0002,request_latency_ms,UP,2024-01-06T20:52:00+00:00,CRITICAL,SEVERE,SYNTHETIC
OBS-000498,EP-000498,SVC-0003,request_latency_ms,UP,2024-01-06T21:09:00+00:00,MEDIUM,ELEVATED,SYNTHETIC
OBS-000499,EP-000499,SVC-0010,request_latency_ms,UP,2024-01-06T21:26:00+00:00,MEDIUM,ELEVATED,SYNTHETIC
OBS-000500,EP-000500,SVC-0017,transaction_failure_rate,UP,2024-01-06T21:43:00+00:00,MEDIUM,ELEVATED,SYNTHETIC
OBS-000501,EP-000501,SVC-0006,authentication_failure_rate,UP,2024-01-06T22:00:00+00:00,MEDIUM,ELEVATED,SYNTHETIC
OBS-000502,EP-000502,SVC-0001,queue_depth,UP,2024-01-06T22:17:00+00:00,MEDIUM,ELEVATED,SYNTHETIC
OBS-000503,EP-000503,SVC-0008,service_error_rate,UP,2024-01-06T22:34:00+00:00,CRITICAL,SEVERE,SYNTHETIC
OBS-000504,EP-000504,SVC-0015,transaction_failure_rate,UP,2024-01-06T22:51:00+00:00,HIGH,SEVERE,SYNTHETIC
OBS-000505,EP-000505,SVC-0004,request_latency_ms,UP,2024-01-06T23:08:00+00:00,LOW,ELEVATED,SYNTHETIC
OBS-000506,EP-000506,SVC-0011,connection_failure_rate,UP,2024-01-06T23:25:00+00:00,CRITICAL,SEVERE,SYNTHETIC
OBS-000507,EP-000507,SVC-0006,transaction_failure_rate,UP,2024-01-06T23:42:00+00:00,LOW,ELEVATED,SYNTHETIC
OBS-000508,EP-000508,SVC-0013,request_timeout_rate,UP,2024-01-06T23:59:00+00:00,MEDIUM,ELEVATED,SYNTHETIC
OBS-000509,EP-000509,SVC-0002,transaction_failure_rate,UP,2024-01-07T00:16:00+00:00,HIGH,SEVERE,SYNTHETIC
OBS-000510,EP-000510,SVC-0009,request_latency_ms,UP,2024-01-07T00:33:00+00:00,CRITICAL,SEVERE,SYNTHETIC
OBS-000511,EP-000511,SVC-0004,request_latency_ms,UP,2024-01-07T00:50:00+00:00,MEDIUM,ELEVATED,SYNTHETIC
OBS-000512,EP-000512,SVC-0011,connection_failure_rate,UP,2024-01-07T01:07:00+00:00,HIGH,SEVERE,SYNTHETIC
OBS-000513,EP-000513,SVC-0018,connection_failure_rate,UP,2024-01-07T01:24:00+00:00,MEDIUM,ELEVATED,SYNTHETIC
OBS-000514,EP-000514,SVC-0007,authentication_failure_rate,UP,2024-01-07T01:41:00+00:00,MEDIUM,ELEVATED,SYNTHETIC
OBS-000515,EP-000515,SVC-0002,request_timeout_rate,UP,2024-01-07T01:58:00+00:00,LOW,ELEVATED,SYNTHETIC
OBS-000516,EP-000516,SVC-0009,request_latency_ms,UP,2024-01-07T02:15:00+00:00,HIGH,SEVERE,SYNTHETIC
OBS-000517,EP-000517,SVC-0016,queue_depth,UP,2024-01-07T02:32:00+00:00,HIGH,SEVERE,SYNTHETIC
OBS-000518,EP-000518,SVC-0005,connection_failure_rate,UP,2024-01-07T02:49:00+00:00,HIGH,SEVERE,SYNTHETIC
OBS-000519,EP-000519,SVC-0012,request_timeout_rate,UP,2024-01-07T03:06:00+00:00,MEDIUM,ELEVATED,SYNTHETIC
OBS-000520,EP-000520,SVC-0007,connection_failure_rate,UP,2024-01-07T03:23:00+00:00,LOW,ELEVATED,SYNTHETIC
OBS-000521,EP-000521,SVC-0014,transaction_failure_rate,UP,2024-01-07T03:40:00+00:00,MEDIUM,ELEVATED,SYNTHETIC
OBS-000522,EP-000522,SVC-0003,request_latency_ms,UP,2024-01-07T03:57:00+00:00,LOW,ELEVATED,SYNTHETIC
OBS-000523,EP-000523,SVC-0010,connection_failure_rate,UP,2024-01-07T04:14:00+00:00,MEDIUM,ELEVATED,SYNTHETIC
OBS-000524,EP-000524,SVC-0005,transaction_failure_rate,UP,2024-01-07T04:31:00+00:00,HIGH,SEVERE,SYNTHETIC
OBS-000525,EP-000525,SVC-0012,request_latency_ms,UP,2024-01-07T04:48:00+00:00,LOW,ELEVATED,SYNTHETIC
OBS-000526,EP-000526,SVC-0001,transaction_failure_rate,UP,2024-01-07T05:05:00+00:00,MEDIUM,ELEVATED,SYNTHETIC
OBS-000527,EP-000527,SVC-0008,transaction_failure_rate,UP,2024-01-07T05:22:00+00:00,MEDIUM,ELEVATED,SYNTHETIC
OBS-000528,EP-000528,SVC-0003,transaction_failure_rate,UP,2024-01-07T05:39:00+00:00,MEDIUM,ELEVATED,SYNTHETIC
OBS-000529,EP-000529,SVC-0010,request_latency_ms,UP,2024-01-07T05:56:00+00:00,MEDIUM,ELEVATED,SYNTHETIC
OBS-000530,EP-000530,SVC-0017,connection_failure_rate,UP,2024-01-07T06:13:00+00:00,MEDIUM,ELEVATED,SYNTHETIC
OBS-000531,EP-000531,SVC-0006,service_error_rate,UP,2024-01-07T06:30:00+00:00,MEDIUM,ELEVATED,SYNTHETIC
OBS-000532,EP-000532,SVC-0001,service_error_rate,UP,2024-01-07T06:47:00+00:00,LOW,ELEVATED,SYNTHETIC
OBS-000533,EP-000533,SVC-0008,queue_depth,UP,2024-01-07T07:04:00+00:00,HIGH,SEVERE,SYNTHETIC
OBS-000534,EP-000534,SVC-0015,queue_depth,UP,2024-01-07T07:21:00+00:00,LOW,ELEVATED,SYNTHETIC
OBS-000535,EP-000535,SVC-0004,request_timeout_rate,UP,2024-01-07T07:38:00+00:00,LOW,ELEVATED,SYNTHETIC
OBS-000536,EP-000536,SVC-0011,service_error_rate,UP,2024-01-07T07:55:00+00:00,LOW,ELEVATED,SYNTHETIC
OBS-000537,EP-000537,SVC-0006,transaction_failure_rate,UP,2024-01-07T08:12:00+00:00,MEDIUM,ELEVATED,SYNTHETIC
OBS-000538,EP-000538,SVC-0013,authentication_failure_rate,UP,2024-01-07T08:29:00+00:00,HIGH,SEVERE,SYNTHETIC
OBS-000539,EP-000539,SVC-0002,request_timeout_rate,UP,2024-01-07T08:46:00+00:00,MEDIUM,ELEVATED,SYNTHETIC
OBS-000540,EP-000540,SVC-0009,queue_depth,UP,2024-01-07T09:03:00+00:00,MEDIUM,ELEVATED,SYNTHETIC
OBS-000541,EP-000541,SVC-0004,transaction_failure_rate,UP,2024-01-07T09:20:00+00:00,MEDIUM,ELEVATED,SYNTHETIC
OBS-000542,EP-000542,SVC-0011,connection_failure_rate,UP,2024-01-07T09:37:00+00:00,HIGH,SEVERE,SYNTHETIC
OBS-000543,EP-000543,SVC-0018,request_latency_ms,UP,2024-01-07T09:54:00+00:00,MEDIUM,ELEVATED,SYNTHETIC
OBS-000544,EP-000544,SVC-0007,service_error_rate,UP,2024-01-07T10:11:00+00:00,MEDIUM,ELEVATED,SYNTHETIC
OBS-000545,EP-000545,SVC-0002,service_error_rate,UP,2024-01-07T10:28:00+00:00,LOW,ELEVATED,SYNTHETIC
OBS-000546,EP-000546,SVC-0009,request_timeout_rate,UP,2024-01-07T10:45:00+00:00,MEDIUM,ELEVATED,SYNTHETIC
OBS-000547,EP-000547,SVC-0016,queue_depth,UP,2024-01-07T11:02:00+00:00,MEDIUM,ELEVATED,SYNTHETIC
OBS-000548,EP-000548,SVC-0005,connection_failure_rate,UP,2024-01-07T11:19:00+00:00,HIGH,SEVERE,SYNTHETIC
OBS-000549,EP-000549,SVC-0012,queue_depth,UP,2024-01-07T11:36:00+00:00,CRITICAL,SEVERE,SYNTHETIC
OBS-000550,EP-000550,SVC-0007,service_error_rate,UP,2024-01-07T11:53:00+00:00,MEDIUM,ELEVATED,SYNTHETIC
OBS-000551,EP-000551,SVC-0014,connection_failure_rate,UP,2024-01-07T12:10:00+00:00,MEDIUM,ELEVATED,SYNTHETIC
OBS-000552,EP-000552,SVC-0003,authentication_failure_rate,UP,2024-01-07T12:27:00+00:00,MEDIUM,ELEVATED,SYNTHETIC
OBS-000553,EP-000553,SVC-0010,service_error_rate,UP,2024-01-07T12:44:00+00:00,HIGH,SEVERE,SYNTHETIC
OBS-000554,EP-000554,SVC-0005,connection_failure_rate,UP,2024-01-07T13:01:00+00:00,MEDIUM,ELEVATED,SYNTHETIC
OBS-000555,EP-000555,SVC-0012,transaction_failure_rate,UP,2024-01-07T13:18:00+00:00,MEDIUM,ELEVATED,SYNTHETIC
OBS-000556,EP-000556,SVC-0001,connection_failure_rate,UP,2024-01-07T13:35:00+00:00,MEDIUM,ELEVATED,SYNTHETIC
OBS-000557,EP-000557,SVC-0008,request_latency_ms,UP,2024-01-07T13:52:00+00:00,MEDIUM,ELEVATED,SYNTHETIC
OBS-000558,EP-000558,SVC-0003,request_latency_ms,UP,2024-01-07T14:09:00+00:00,MEDIUM,ELEVATED,SYNTHETIC
OBS-000559,EP-000559,SVC-0010,connection_failure_rate,UP,2024-01-07T14:26:00+00:00,MEDIUM,ELEVATED,SYNTHETIC
OBS-000560,EP-000560,SVC-0017,authentication_failure_rate,UP,2024-01-07T14:43:00+00:00,MEDIUM,ELEVATED,SYNTHETIC
OBS-000561,EP-000561,SVC-0006,service_error_rate,UP,2024-01-07T15:00:00+00:00,MEDIUM,ELEVATED,SYNTHETIC
OBS-000562,EP-000562,SVC-0001,request_latency_ms,UP,2024-01-07T15:17:00+00:00,LOW,ELEVATED,SYNTHETIC
OBS-000563,EP-000563,SVC-0008,authentication_failure_rate,UP,2024-01-07T15:34:00+00:00,HIGH,SEVERE,SYNTHETIC
OBS-000564,EP-000564,SVC-0015,authentication_failure_rate,UP,2024-01-07T15:51:00+00:00,CRITICAL,SEVERE,SYNTHETIC
OBS-000565,EP-000565,SVC-0004,authentication_failure_rate,UP,2024-01-07T16:08:00+00:00,CRITICAL,SEVERE,SYNTHETIC
OBS-000566,EP-000566,SVC-0011,service_error_rate,UP,2024-01-07T16:25:00+00:00,HIGH,SEVERE,SYNTHETIC
OBS-000567,EP-000567,SVC-0006,service_error_rate,UP,2024-01-07T16:42:00+00:00,LOW,ELEVATED,SYNTHETIC
OBS-000568,EP-000568,SVC-0013,request_latency_ms,UP,2024-01-07T16:59:00+00:00,CRITICAL,SEVERE,SYNTHETIC
OBS-000569,EP-000569,SVC-0002,queue_depth,UP,2024-01-07T17:16:00+00:00,MEDIUM,ELEVATED,SYNTHETIC
OBS-000570,EP-000570,SVC-0009,connection_failure_rate,UP,2024-01-07T17:33:00+00:00,MEDIUM,ELEVATED,SYNTHETIC
OBS-000571,EP-000571,SVC-0004,transaction_failure_rate,UP,2024-01-07T17:50:00+00:00,LOW,ELEVATED,SYNTHETIC
OBS-000572,EP-000572,SVC-0011,connection_failure_rate,UP,2024-01-07T18:07:00+00:00,LOW,ELEVATED,SYNTHETIC
OBS-000573,EP-000573,SVC-0018,connection_failure_rate,UP,2024-01-07T18:24:00+00:00,HIGH,SEVERE,SYNTHETIC
OBS-000574,EP-000574,SVC-0007,request_timeout_rate,UP,2024-01-07T18:41:00+00:00,LOW,ELEVATED,SYNTHETIC
OBS-000575,EP-000575,SVC-0002,connection_failure_rate,UP,2024-01-07T18:58:00+00:00,MEDIUM,ELEVATED,SYNTHETIC
OBS-000576,EP-000576,SVC-0009,service_error_rate,UP,2024-01-07T19:15:00+00:00,HIGH,SEVERE,SYNTHETIC
OBS-000577,EP-000577,SVC-0016,request_latency_ms,UP,2024-01-07T19:32:00+00:00,CRITICAL,SEVERE,SYNTHETIC
OBS-000578,EP-000578,SVC-0005,request_latency_ms,UP,2024-01-07T19:49:00+00:00,MEDIUM,ELEVATED,SYNTHETIC
OBS-000579,EP-000579,SVC-0012,request_latency_ms,UP,2024-01-07T20:06:00+00:00,CRITICAL,SEVERE,SYNTHETIC
OBS-000580,EP-000580,SVC-0007,authentication_failure_rate,UP,2024-01-07T20:23:00+00:00,MEDIUM,ELEVATED,SYNTHETIC
OBS-000581,EP-000581,SVC-0014,request_latency_ms,UP,2024-01-07T20:40:00+00:00,LOW,ELEVATED,SYNTHETIC
OBS-000582,EP-000582,SVC-0003,request_timeout_rate,UP,2024-01-07T20:57:00+00:00,LOW,ELEVATED,SYNTHETIC
OBS-000583,EP-000583,SVC-0010,request_timeout_rate,UP,2024-01-07T21:14:00+00:00,LOW,ELEVATED,SYNTHETIC
OBS-000584,EP-000584,SVC-0005,connection_failure_rate,UP,2024-01-07T21:31:00+00:00,CRITICAL,SEVERE,SYNTHETIC
OBS-000585,EP-000585,SVC-0012,authentication_failure_rate,UP,2024-01-07T21:48:00+00:00,LOW,ELEVATED,SYNTHETIC
OBS-000586,EP-000586,SVC-0001,service_error_rate,UP,2024-01-07T22:05:00+00:00,HIGH,SEVERE,SYNTHETIC
OBS-000587,EP-000587,SVC-0008,request_timeout_rate,UP,2024-01-07T22:22:00+00:00,HIGH,SEVERE,SYNTHETIC
OBS-000588,EP-000588,SVC-0003,request_latency_ms,UP,2024-01-07T22:39:00+00:00,MEDIUM,ELEVATED,SYNTHETIC
OBS-000589,EP-000589,SVC-0010,authentication_failure_rate,UP,2024-01-07T22:56:00+00:00,MEDIUM,ELEVATED,SYNTHETIC
OBS-000590,EP-000590,SVC-0017,connection_failure_rate,UP,2024-01-07T23:13:00+00:00,HIGH,SEVERE,SYNTHETIC
OBS-000591,EP-000591,SVC-0006,authentication_failure_rate,UP,2024-01-07T23:30:00+00:00,CRITICAL,SEVERE,SYNTHETIC
OBS-000592,EP-000592,SVC-0001,request_latency_ms,UP,2024-01-07T23:47:00+00:00,HIGH,SEVERE,SYNTHETIC
OBS-000593,EP-000593,SVC-0008,authentication_failure_rate,UP,2024-01-08T00:04:00+00:00,HIGH,SEVERE,SYNTHETIC
OBS-000594,EP-000594,SVC-0015,request_timeout_rate,UP,2024-01-08T00:21:00+00:00,LOW,ELEVATED,SYNTHETIC
OBS-000595,EP-000595,SVC-0004,service_error_rate,UP,2024-01-08T00:38:00+00:00,MEDIUM,ELEVATED,SYNTHETIC
OBS-000596,EP-000596,SVC-0011,queue_depth,UP,2024-01-08T00:55:00+00:00,MEDIUM,ELEVATED,SYNTHETIC
OBS-000597,EP-000597,SVC-0006,queue_depth,UP,2024-01-08T01:12:00+00:00,HIGH,SEVERE,SYNTHETIC
OBS-000598,EP-000598,SVC-0013,queue_depth,UP,2024-01-08T01:29:00+00:00,HIGH,SEVERE,SYNTHETIC
OBS-000599,EP-000599,SVC-0002,connection_failure_rate,UP,2024-01-08T01:46:00+00:00,MEDIUM,ELEVATED,SYNTHETIC
OBS-000600,EP-000600,SVC-0009,service_error_rate,UP,2024-01-08T02:03:00+00:00,HIGH,SEVERE,SYNTHETIC
OBS-000601,EP-000601,SVC-0004,queue_depth,UP,2024-01-08T02:20:00+00:00,MEDIUM,ELEVATED,SYNTHETIC
OBS-000602,EP-000602,SVC-0011,connection_failure_rate,UP,2024-01-08T02:37:00+00:00,LOW,ELEVATED,SYNTHETIC
OBS-000603,EP-000603,SVC-0018,connection_failure_rate,UP,2024-01-08T02:54:00+00:00,MEDIUM,ELEVATED,SYNTHETIC
OBS-000604,EP-000604,SVC-0007,transaction_failure_rate,UP,2024-01-08T03:11:00+00:00,HIGH,SEVERE,SYNTHETIC
OBS-000605,EP-000605,SVC-0002,request_timeout_rate,UP,2024-01-08T03:28:00+00:00,CRITICAL,SEVERE,SYNTHETIC
OBS-000606,EP-000606,SVC-0009,transaction_failure_rate,UP,2024-01-08T03:45:00+00:00,MEDIUM,ELEVATED,SYNTHETIC
OBS-000607,EP-000607,SVC-0016,request_latency_ms,UP,2024-01-08T04:02:00+00:00,HIGH,SEVERE,SYNTHETIC
OBS-000608,EP-000608,SVC-0005,connection_failure_rate,UP,2024-01-08T04:19:00+00:00,MEDIUM,ELEVATED,SYNTHETIC
OBS-000609,EP-000609,SVC-0012,authentication_failure_rate,UP,2024-01-08T04:36:00+00:00,MEDIUM,ELEVATED,SYNTHETIC
OBS-000610,EP-000610,SVC-0007,queue_depth,UP,2024-01-08T04:53:00+00:00,HIGH,SEVERE,SYNTHETIC
OBS-000611,EP-000611,SVC-0014,queue_depth,UP,2024-01-08T05:10:00+00:00,MEDIUM,ELEVATED,SYNTHETIC
OBS-000612,EP-000612,SVC-0003,queue_depth,UP,2024-01-08T05:27:00+00:00,MEDIUM,ELEVATED,SYNTHETIC
OBS-000613,EP-000613,SVC-0010,service_error_rate,UP,2024-01-08T05:44:00+00:00,HIGH,SEVERE,SYNTHETIC
OBS-000614,EP-000614,SVC-0005,service_error_rate,UP,2024-01-08T06:01:00+00:00,CRITICAL,SEVERE,SYNTHETIC
OBS-000615,EP-000615,SVC-0012,connection_failure_rate,UP,2024-01-08T06:18:00+00:00,LOW,ELEVATED,SYNTHETIC
OBS-000616,EP-000616,SVC-0001,connection_failure_rate,UP,2024-01-08T06:35:00+00:00,LOW,ELEVATED,SYNTHETIC
OBS-000617,EP-000617,SVC-0008,authentication_failure_rate,UP,2024-01-08T06:52:00+00:00,MEDIUM,ELEVATED,SYNTHETIC
OBS-000618,EP-000618,SVC-0003,request_timeout_rate,UP,2024-01-08T07:09:00+00:00,CRITICAL,SEVERE,SYNTHETIC
OBS-000619,EP-000619,SVC-0010,service_error_rate,UP,2024-01-08T07:26:00+00:00,HIGH,SEVERE,SYNTHETIC
OBS-000620,EP-000620,SVC-0017,authentication_failure_rate,UP,2024-01-08T07:43:00+00:00,MEDIUM,ELEVATED,SYNTHETIC
OBS-000621,EP-000621,SVC-0006,queue_depth,UP,2024-01-08T08:00:00+00:00,MEDIUM,ELEVATED,SYNTHETIC
OBS-000622,EP-000622,SVC-0001,request_timeout_rate,UP,2024-01-08T08:17:00+00:00,MEDIUM,ELEVATED,SYNTHETIC
OBS-000623,EP-000623,SVC-0008,transaction_failure_rate,UP,2024-01-08T08:34:00+00:00,HIGH,SEVERE,SYNTHETIC
OBS-000624,EP-000624,SVC-0015,connection_failure_rate,UP,2024-01-08T08:51:00+00:00,MEDIUM,ELEVATED,SYNTHETIC
OBS-000625,EP-000625,SVC-0004,connection_failure_rate,UP,2024-01-08T09:08:00+00:00,LOW,ELEVATED,SYNTHETIC
OBS-000626,EP-000626,SVC-0011,authentication_failure_rate,UP,2024-01-08T09:25:00+00:00,MEDIUM,ELEVATED,SYNTHETIC
OBS-000627,EP-000627,SVC-0006,service_error_rate,UP,2024-01-08T09:42:00+00:00,LOW,ELEVATED,SYNTHETIC
OBS-000628,EP-000628,SVC-0013,authentication_failure_rate,UP,2024-01-08T09:59:00+00:00,HIGH,SEVERE,SYNTHETIC
OBS-000629,EP-000629,SVC-0002,queue_depth,UP,2024-01-08T10:16:00+00:00,HIGH,SEVERE,SYNTHETIC
OBS-000630,EP-000630,SVC-0009,request_timeout_rate,UP,2024-01-08T10:33:00+00:00,MEDIUM,ELEVATED,SYNTHETIC
OBS-000631,EP-000631,SVC-0004,request_latency_ms,UP,2024-01-08T10:50:00+00:00,LOW,ELEVATED,SYNTHETIC
OBS-000632,EP-000632,SVC-0011,transaction_failure_rate,UP,2024-01-08T11:07:00+00:00,LOW,ELEVATED,SYNTHETIC
OBS-000633,EP-000633,SVC-0018,request_timeout_rate,UP,2024-01-08T11:24:00+00:00,MEDIUM,ELEVATED,SYNTHETIC
OBS-000634,EP-000634,SVC-0007,request_latency_ms,UP,2024-01-08T11:41:00+00:00,HIGH,SEVERE,SYNTHETIC
OBS-000635,EP-000635,SVC-0002,service_error_rate,UP,2024-01-08T11:58:00+00:00,HIGH,SEVERE,SYNTHETIC
OBS-000636,EP-000636,SVC-0009,request_latency_ms,UP,2024-01-08T12:15:00+00:00,MEDIUM,ELEVATED,SYNTHETIC
OBS-000637,EP-000637,SVC-0016,service_error_rate,UP,2024-01-08T12:32:00+00:00,LOW,ELEVATED,SYNTHETIC
OBS-000638,EP-000638,SVC-0005,connection_failure_rate,UP,2024-01-08T12:49:00+00:00,CRITICAL,SEVERE,SYNTHETIC
OBS-000639,EP-000639,SVC-0012,transaction_failure_rate,UP,2024-01-08T13:06:00+00:00,MEDIUM,ELEVATED,SYNTHETIC
OBS-000640,EP-000640,SVC-0007,service_error_rate,UP,2024-01-08T13:23:00+00:00,LOW,ELEVATED,SYNTHETIC
OBS-000641,EP-000641,SVC-0014,request_latency_ms,UP,2024-01-08T13:40:00+00:00,HIGH,SEVERE,SYNTHETIC
OBS-000642,EP-000642,SVC-0003,service_error_rate,UP,2024-01-08T13:57:00+00:00,LOW,ELEVATED,SYNTHETIC
OBS-000643,EP-000643,SVC-0010,request_timeout_rate,UP,2024-01-08T14:14:00+00:00,HIGH,SEVERE,SYNTHETIC
OBS-000644,EP-000644,SVC-0005,request_latency_ms,UP,2024-01-08T14:31:00+00:00,HIGH,SEVERE,SYNTHETIC
OBS-000645,EP-000645,SVC-0012,transaction_failure_rate,UP,2024-01-08T14:48:00+00:00,LOW,ELEVATED,SYNTHETIC
OBS-000646,EP-000646,SVC-0001,request_latency_ms,UP,2024-01-08T15:05:00+00:00,CRITICAL,SEVERE,SYNTHETIC
OBS-000647,EP-000647,SVC-0008,authentication_failure_rate,UP,2024-01-08T15:22:00+00:00,MEDIUM,ELEVATED,SYNTHETIC
OBS-000648,EP-000648,SVC-0003,transaction_failure_rate,UP,2024-01-08T15:39:00+00:00,CRITICAL,SEVERE,SYNTHETIC
OBS-000649,EP-000649,SVC-0010,request_timeout_rate,UP,2024-01-08T15:56:00+00:00,MEDIUM,ELEVATED,SYNTHETIC
OBS-000650,EP-000650,SVC-0017,authentication_failure_rate,UP,2024-01-08T16:13:00+00:00,MEDIUM,ELEVATED,SYNTHETIC
OBS-000651,EP-000651,SVC-0006,connection_failure_rate,UP,2024-01-08T16:30:00+00:00,MEDIUM,ELEVATED,SYNTHETIC
OBS-000652,EP-000652,SVC-0001,connection_failure_rate,UP,2024-01-08T16:47:00+00:00,HIGH,SEVERE,SYNTHETIC
OBS-000653,EP-000653,SVC-0008,request_latency_ms,UP,2024-01-08T17:04:00+00:00,MEDIUM,ELEVATED,SYNTHETIC
OBS-000654,EP-000654,SVC-0015,authentication_failure_rate,UP,2024-01-08T17:21:00+00:00,MEDIUM,ELEVATED,SYNTHETIC
OBS-000655,EP-000655,SVC-0002,authentication_failure_rate,UP,2024-01-08T17:38:00+00:00,CRITICAL,SEVERE,SYNTHETIC
OBS-000656,EP-000656,SVC-0001,transaction_failure_rate,UP,2024-01-08T17:55:00+00:00,HIGH,SEVERE,SYNTHETIC
OBS-000657,EP-000657,SVC-0012,queue_depth,UP,2024-01-08T18:12:00+00:00,MEDIUM,ELEVATED,SYNTHETIC
OBS-000658,EP-000658,SVC-0001,transaction_failure_rate,UP,2024-01-08T18:29:00+00:00,HIGH,SEVERE,SYNTHETIC
OBS-000659,EP-000659,SVC-0005,service_error_rate,UP,2024-01-08T18:46:00+00:00,MEDIUM,ELEVATED,SYNTHETIC
OBS-000660,EP-000660,SVC-0005,authentication_failure_rate,UP,2024-01-08T19:03:00+00:00,MEDIUM,ELEVATED,SYNTHETIC
OBS-000661,EP-000661,SVC-0008,transaction_failure_rate,UP,2024-01-08T19:20:00+00:00,MEDIUM,ELEVATED,SYNTHETIC
OBS-000662,EP-000662,SVC-0003,transaction_failure_rate,UP,2024-01-08T19:37:00+00:00,CRITICAL,SEVERE,SYNTHETIC
OBS-000663,EP-000663,SVC-0001,connection_failure_rate,UP,2024-01-08T19:54:00+00:00,MEDIUM,ELEVATED,SYNTHETIC
OBS-000664,EP-000664,SVC-0003,connection_failure_rate,UP,2024-01-08T20:11:00+00:00,LOW,ELEVATED,SYNTHETIC
OBS-000665,EP-000665,SVC-0002,connection_failure_rate,UP,2024-01-08T20:28:00+00:00,LOW,ELEVATED,SYNTHETIC
OBS-000666,EP-000666,SVC-0001,request_timeout_rate,UP,2024-01-08T20:45:00+00:00,LOW,ELEVATED,SYNTHETIC
OBS-000667,EP-000667,SVC-0012,request_timeout_rate,UP,2024-01-08T21:02:00+00:00,HIGH,SEVERE,SYNTHETIC
OBS-000668,EP-000668,SVC-0001,authentication_failure_rate,UP,2024-01-08T21:19:00+00:00,LOW,ELEVATED,SYNTHETIC
OBS-000669,EP-000669,SVC-0005,authentication_failure_rate,UP,2024-01-08T21:36:00+00:00,LOW,ELEVATED,SYNTHETIC
OBS-000670,EP-000670,SVC-0005,queue_depth,UP,2024-01-08T21:53:00+00:00,MEDIUM,ELEVATED,SYNTHETIC
OBS-000671,EP-000671,SVC-0008,transaction_failure_rate,UP,2024-01-08T22:10:00+00:00,MEDIUM,ELEVATED,SYNTHETIC
OBS-000672,EP-000672,SVC-0003,request_latency_ms,UP,2024-01-08T22:27:00+00:00,MEDIUM,ELEVATED,SYNTHETIC
OBS-000673,EP-000673,SVC-0001,service_error_rate,UP,2024-01-08T22:44:00+00:00,HIGH,SEVERE,SYNTHETIC
OBS-000674,EP-000674,SVC-0003,request_latency_ms,UP,2024-01-08T23:01:00+00:00,MEDIUM,ELEVATED,SYNTHETIC
OBS-000675,EP-000675,SVC-0002,connection_failure_rate,UP,2024-01-08T23:18:00+00:00,HIGH,SEVERE,SYNTHETIC
OBS-000676,EP-000676,SVC-0001,transaction_failure_rate,UP,2024-01-08T23:35:00+00:00,HIGH,SEVERE,SYNTHETIC
OBS-000677,EP-000677,SVC-0012,transaction_failure_rate,UP,2024-01-08T23:52:00+00:00,MEDIUM,ELEVATED,SYNTHETIC
OBS-000678,EP-000678,SVC-0001,authentication_failure_rate,UP,2024-01-09T00:09:00+00:00,MEDIUM,ELEVATED,SYNTHETIC
OBS-000679,EP-000679,SVC-0005,transaction_failure_rate,UP,2024-01-09T00:26:00+00:00,CRITICAL,SEVERE,SYNTHETIC
OBS-000680,EP-000680,SVC-0005,connection_failure_rate,UP,2024-01-09T00:43:00+00:00,MEDIUM,ELEVATED,SYNTHETIC
OBS-000681,EP-000681,SVC-0008,request_latency_ms,UP,2024-01-09T01:00:00+00:00,LOW,ELEVATED,SYNTHETIC
OBS-000682,EP-000682,SVC-0003,queue_depth,UP,2024-01-09T01:17:00+00:00,MEDIUM,ELEVATED,SYNTHETIC
OBS-000683,EP-000683,SVC-0001,connection_failure_rate,UP,2024-01-09T01:34:00+00:00,HIGH,SEVERE,SYNTHETIC
OBS-000684,EP-000684,SVC-0003,connection_failure_rate,UP,2024-01-09T01:51:00+00:00,HIGH,SEVERE,SYNTHETIC
OBS-000685,EP-000685,SVC-0002,queue_depth,UP,2024-01-09T02:08:00+00:00,CRITICAL,SEVERE,SYNTHETIC
OBS-000686,EP-000686,SVC-0001,authentication_failure_rate,UP,2024-01-09T02:25:00+00:00,LOW,ELEVATED,SYNTHETIC
OBS-000687,EP-000687,SVC-0012,transaction_failure_rate,UP,2024-01-09T02:42:00+00:00,LOW,ELEVATED,SYNTHETIC
OBS-000688,EP-000688,SVC-0001,request_timeout_rate,UP,2024-01-09T02:59:00+00:00,CRITICAL,SEVERE,SYNTHETIC
OBS-000689,EP-000689,SVC-0005,connection_failure_rate,UP,2024-01-09T03:16:00+00:00,CRITICAL,SEVERE,SYNTHETIC
OBS-000690,EP-000690,SVC-0005,connection_failure_rate,UP,2024-01-09T03:33:00+00:00,MEDIUM,ELEVATED,SYNTHETIC
OBS-000691,EP-000691,SVC-0008,request_timeout_rate,UP,2024-01-09T03:50:00+00:00,MEDIUM,ELEVATED,SYNTHETIC
OBS-000692,EP-000692,SVC-0003,queue_depth,UP,2024-01-09T04:07:00+00:00,HIGH,SEVERE,SYNTHETIC
OBS-000693,EP-000693,SVC-0001,connection_failure_rate,UP,2024-01-09T04:24:00+00:00,HIGH,SEVERE,SYNTHETIC
OBS-000694,EP-000694,SVC-0003,service_error_rate,UP,2024-01-09T04:41:00+00:00,MEDIUM,ELEVATED,SYNTHETIC
OBS-000695,EP-000695,SVC-0002,request_latency_ms,UP,2024-01-09T04:58:00+00:00,HIGH,SEVERE,SYNTHETIC
OBS-000696,EP-000696,SVC-0001,request_latency_ms,UP,2024-01-09T05:15:00+00:00,HIGH,SEVERE,SYNTHETIC
OBS-000697,EP-000697,SVC-0012,request_timeout_rate,UP,2024-01-09T05:32:00+00:00,LOW,ELEVATED,SYNTHETIC
OBS-000698,EP-000698,SVC-0001,connection_failure_rate,UP,2024-01-09T05:49:00+00:00,MEDIUM,ELEVATED,SYNTHETIC
OBS-000699,EP-000699,SVC-0005,request_latency_ms,UP,2024-01-09T06:06:00+00:00,MEDIUM,ELEVATED,SYNTHETIC
OBS-000700,EP-000700,SVC-0005,transaction_failure_rate,UP,2024-01-09T06:23:00+00:00,MEDIUM,ELEVATED,SYNTHETIC
OBS-000701,EP-000701,SVC-0008,request_latency_ms,UP,2024-01-09T06:40:00+00:00,MEDIUM,ELEVATED,SYNTHETIC
OBS-000702,EP-000702,SVC-0003,queue_depth,UP,2024-01-09T06:57:00+00:00,CRITICAL,SEVERE,SYNTHETIC
OBS-000703,EP-000703,SVC-0001,service_error_rate,UP,2024-01-09T07:14:00+00:00,HIGH,SEVERE,SYNTHETIC
OBS-000704,EP-000704,SVC-0003,service_error_rate,UP,2024-01-09T07:31:00+00:00,MEDIUM,ELEVATED,SYNTHETIC
OBS-000705,EP-000705,SVC-0002,connection_failure_rate,UP,2024-01-09T07:48:00+00:00,HIGH,SEVERE,SYNTHETIC
OBS-000706,EP-000706,SVC-0001,authentication_failure_rate,UP,2024-01-09T08:05:00+00:00,MEDIUM,ELEVATED,SYNTHETIC
OBS-000707,EP-000707,SVC-0012,authentication_failure_rate,UP,2024-01-09T08:22:00+00:00,MEDIUM,ELEVATED,SYNTHETIC
OBS-000708,EP-000708,SVC-0001,connection_failure_rate,UP,2024-01-09T08:39:00+00:00,MEDIUM,ELEVATED,SYNTHETIC
OBS-000709,EP-000709,SVC-0005,request_timeout_rate,UP,2024-01-09T08:56:00+00:00,MEDIUM,ELEVATED,SYNTHETIC
OBS-000710,EP-000710,SVC-0005,request_latency_ms,UP,2024-01-09T09:13:00+00:00,HIGH,SEVERE,SYNTHETIC
OBS-000711,EP-000711,SVC-0008,connection_failure_rate,UP,2024-01-09T09:30:00+00:00,LOW,ELEVATED,SYNTHETIC
OBS-000712,EP-000712,SVC-0003,queue_depth,UP,2024-01-09T09:47:00+00:00,HIGH,SEVERE,SYNTHETIC
OBS-000713,EP-000713,SVC-0001,connection_failure_rate,UP,2024-01-09T10:04:00+00:00,HIGH,SEVERE,SYNTHETIC
OBS-000714,EP-000714,SVC-0003,authentication_failure_rate,UP,2024-01-09T10:21:00+00:00,MEDIUM,ELEVATED,SYNTHETIC
OBS-000715,EP-000715,SVC-0002,connection_failure_rate,UP,2024-01-09T10:38:00+00:00,LOW,ELEVATED,SYNTHETIC
OBS-000716,EP-000716,SVC-0001,connection_failure_rate,UP,2024-01-09T10:55:00+00:00,HIGH,SEVERE,SYNTHETIC
OBS-000717,EP-000717,SVC-0012,request_timeout_rate,UP,2024-01-09T11:12:00+00:00,HIGH,SEVERE,SYNTHETIC
OBS-000718,EP-000718,SVC-0001,queue_depth,UP,2024-01-09T11:29:00+00:00,HIGH,SEVERE,SYNTHETIC
OBS-000719,EP-000719,SVC-0005,authentication_failure_rate,UP,2024-01-09T11:46:00+00:00,CRITICAL,SEVERE,SYNTHETIC
OBS-000720,EP-000720,SVC-0005,authentication_failure_rate,UP,2024-01-09T12:03:00+00:00,MEDIUM,ELEVATED,SYNTHETIC
OBS-000721,EP-000721,SVC-0008,queue_depth,UP,2024-01-09T12:20:00+00:00,MEDIUM,ELEVATED,SYNTHETIC
OBS-000722,EP-000722,SVC-0003,transaction_failure_rate,UP,2024-01-09T12:37:00+00:00,MEDIUM,ELEVATED,SYNTHETIC
OBS-000723,EP-000723,SVC-0001,authentication_failure_rate,UP,2024-01-09T12:54:00+00:00,LOW,ELEVATED,SYNTHETIC
OBS-000724,EP-000724,SVC-0003,connection_failure_rate,UP,2024-01-09T13:11:00+00:00,CRITICAL,SEVERE,SYNTHETIC
OBS-000725,EP-000725,SVC-0002,request_latency_ms,UP,2024-01-09T13:28:00+00:00,MEDIUM,ELEVATED,SYNTHETIC
OBS-000726,EP-000726,SVC-0001,request_timeout_rate,UP,2024-01-09T13:45:00+00:00,HIGH,SEVERE,SYNTHETIC
OBS-000727,EP-000727,SVC-0012,service_error_rate,UP,2024-01-09T14:02:00+00:00,MEDIUM,ELEVATED,SYNTHETIC
OBS-000728,EP-000728,SVC-0001,request_timeout_rate,UP,2024-01-09T14:19:00+00:00,MEDIUM,ELEVATED,SYNTHETIC
OBS-000729,EP-000729,SVC-0005,service_error_rate,UP,2024-01-09T14:36:00+00:00,MEDIUM,ELEVATED,SYNTHETIC
OBS-000730,EP-000730,SVC-0005,request_latency_ms,UP,2024-01-09T14:53:00+00:00,MEDIUM,ELEVATED,SYNTHETIC
OBS-000731,EP-000731,SVC-0008,transaction_failure_rate,UP,2024-01-09T15:10:00+00:00,MEDIUM,ELEVATED,SYNTHETIC
OBS-000732,EP-000732,SVC-0003,request_latency_ms,UP,2024-01-09T15:27:00+00:00,LOW,ELEVATED,SYNTHETIC
OBS-000733,EP-000733,SVC-0001,queue_depth,UP,2024-01-09T15:44:00+00:00,HIGH,SEVERE,SYNTHETIC
OBS-000734,EP-000734,SVC-0003,request_timeout_rate,UP,2024-01-09T16:01:00+00:00,MEDIUM,ELEVATED,SYNTHETIC
OBS-000735,EP-000735,SVC-0002,authentication_failure_rate,UP,2024-01-09T16:18:00+00:00,MEDIUM,ELEVATED,SYNTHETIC
OBS-000736,EP-000736,SVC-0001,transaction_failure_rate,UP,2024-01-09T16:35:00+00:00,LOW,ELEVATED,SYNTHETIC
OBS-000737,EP-000737,SVC-0012,transaction_failure_rate,UP,2024-01-09T16:52:00+00:00,HIGH,SEVERE,SYNTHETIC
OBS-000738,EP-000738,SVC-0001,connection_failure_rate,UP,2024-01-09T17:09:00+00:00,MEDIUM,ELEVATED,SYNTHETIC
OBS-000739,EP-000739,SVC-0005,connection_failure_rate,UP,2024-01-09T17:26:00+00:00,HIGH,SEVERE,SYNTHETIC
OBS-000740,EP-000740,SVC-0005,transaction_failure_rate,UP,2024-01-09T17:43:00+00:00,HIGH,SEVERE,SYNTHETIC
OBS-000741,EP-000741,SVC-0008,service_error_rate,UP,2024-01-09T18:00:00+00:00,HIGH,SEVERE,SYNTHETIC
OBS-000742,EP-000742,SVC-0003,queue_depth,UP,2024-01-09T18:17:00+00:00,LOW,ELEVATED,SYNTHETIC
OBS-000743,EP-000743,SVC-0001,connection_failure_rate,UP,2024-01-09T18:34:00+00:00,MEDIUM,ELEVATED,SYNTHETIC
OBS-000744,EP-000744,SVC-0003,request_timeout_rate,UP,2024-01-09T18:51:00+00:00,MEDIUM,ELEVATED,SYNTHETIC
OBS-000745,EP-000745,SVC-0002,service_error_rate,UP,2024-01-09T19:08:00+00:00,LOW,ELEVATED,SYNTHETIC
OBS-000746,EP-000746,SVC-0001,connection_failure_rate,UP,2024-01-09T19:25:00+00:00,CRITICAL,SEVERE,SYNTHETIC
OBS-000747,EP-000747,SVC-0012,connection_failure_rate,UP,2024-01-09T19:42:00+00:00,MEDIUM,ELEVATED,SYNTHETIC
OBS-000748,EP-000748,SVC-0001,request_timeout_rate,UP,2024-01-09T19:59:00+00:00,MEDIUM,ELEVATED,SYNTHETIC
OBS-000749,EP-000749,SVC-0005,service_error_rate,UP,2024-01-09T20:16:00+00:00,LOW,ELEVATED,SYNTHETIC
OBS-000750,EP-000750,SVC-0005,authentication_failure_rate,UP,2024-01-09T20:33:00+00:00,MEDIUM,ELEVATED,SYNTHETIC
OBS-000751,EP-000751,SVC-0008,request_timeout_rate,UP,2024-01-09T20:50:00+00:00,MEDIUM,ELEVATED,SYNTHETIC
OBS-000752,EP-000752,SVC-0003,queue_depth,UP,2024-01-09T21:07:00+00:00,MEDIUM,ELEVATED,SYNTHETIC
OBS-000753,EP-000753,SVC-0001,transaction_failure_rate,UP,2024-01-09T21:24:00+00:00,CRITICAL,SEVERE,SYNTHETIC
OBS-000754,EP-000754,SVC-0003,queue_depth,UP,2024-01-09T21:41:00+00:00,MEDIUM,ELEVATED,SYNTHETIC
OBS-000755,EP-000755,SVC-0002,request_timeout_rate,UP,2024-01-09T21:58:00+00:00,HIGH,SEVERE,SYNTHETIC
OBS-000756,EP-000756,SVC-0001,queue_depth,UP,2024-01-09T22:15:00+00:00,HIGH,SEVERE,SYNTHETIC
OBS-000757,EP-000757,SVC-0012,transaction_failure_rate,UP,2024-01-09T22:32:00+00:00,LOW,ELEVATED,SYNTHETIC
OBS-000758,EP-000758,SVC-0001,request_latency_ms,UP,2024-01-09T22:49:00+00:00,CRITICAL,SEVERE,SYNTHETIC
OBS-000759,EP-000759,SVC-0005,connection_failure_rate,UP,2024-01-09T23:06:00+00:00,MEDIUM,ELEVATED,SYNTHETIC
OBS-000760,EP-000760,SVC-0005,authentication_failure_rate,UP,2024-01-09T23:23:00+00:00,CRITICAL,SEVERE,SYNTHETIC
OBS-000761,EP-000761,SVC-0008,transaction_failure_rate,UP,2024-01-09T23:40:00+00:00,HIGH,SEVERE,SYNTHETIC
OBS-000762,EP-000762,SVC-0003,queue_depth,UP,2024-01-09T23:57:00+00:00,MEDIUM,ELEVATED,SYNTHETIC
OBS-000763,EP-000763,SVC-0001,transaction_failure_rate,UP,2024-01-10T00:14:00+00:00,MEDIUM,ELEVATED,SYNTHETIC
OBS-000764,EP-000764,SVC-0003,request_latency_ms,UP,2024-01-10T00:31:00+00:00,HIGH,SEVERE,SYNTHETIC
OBS-000765,EP-000765,SVC-0002,authentication_failure_rate,UP,2024-01-10T00:48:00+00:00,LOW,ELEVATED,SYNTHETIC
OBS-000766,EP-000766,SVC-0001,request_timeout_rate,UP,2024-01-10T01:05:00+00:00,LOW,ELEVATED,SYNTHETIC
OBS-000767,EP-000767,SVC-0012,connection_failure_rate,UP,2024-01-10T01:22:00+00:00,MEDIUM,ELEVATED,SYNTHETIC
OBS-000768,EP-000768,SVC-0001,authentication_failure_rate,UP,2024-01-10T01:39:00+00:00,MEDIUM,ELEVATED,SYNTHETIC
OBS-000769,EP-000769,SVC-0005,transaction_failure_rate,UP,2024-01-10T01:56:00+00:00,LOW,ELEVATED,SYNTHETIC
OBS-000770,EP-000770,SVC-0001,connection_failure_rate,UP,2024-01-10T02:13:00+00:00,MEDIUM,ELEVATED,SYNTHETIC
OBS-000771,EP-000771,SVC-0002,authentication_failure_rate,UP,2024-01-10T02:30:00+00:00,MEDIUM,ELEVATED,SYNTHETIC
OBS-000772,EP-000772,SVC-0002,connection_failure_rate,UP,2024-01-10T02:47:00+00:00,LOW,ELEVATED,SYNTHETIC
OBS-000773,EP-000773,SVC-0002,connection_failure_rate,UP,2024-01-10T03:04:00+00:00,HIGH,SEVERE,SYNTHETIC
OBS-000774,EP-000774,SVC-0001,request_timeout_rate,UP,2024-01-10T03:21:00+00:00,MEDIUM,ELEVATED,SYNTHETIC
OBS-000775,EP-000775,SVC-0002,transaction_failure_rate,UP,2024-01-10T03:38:00+00:00,MEDIUM,ELEVATED,SYNTHETIC
OBS-000776,EP-000776,SVC-0002,request_latency_ms,UP,2024-01-10T03:55:00+00:00,MEDIUM,ELEVATED,SYNTHETIC
OBS-000777,EP-000777,SVC-0002,connection_failure_rate,UP,2024-01-10T04:12:00+00:00,MEDIUM,ELEVATED,SYNTHETIC
OBS-000778,EP-000778,SVC-0001,request_timeout_rate,UP,2024-01-10T04:29:00+00:00,LOW,ELEVATED,SYNTHETIC
OBS-000779,EP-000779,SVC-0002,request_latency_ms,UP,2024-01-10T04:46:00+00:00,MEDIUM,ELEVATED,SYNTHETIC
OBS-000780,EP-000780,SVC-0002,transaction_failure_rate,UP,2024-01-10T05:03:00+00:00,MEDIUM,ELEVATED,SYNTHETIC
OBS-000781,EP-000781,SVC-0002,queue_depth,UP,2024-01-10T05:20:00+00:00,LOW,ELEVATED,SYNTHETIC
OBS-000782,EP-000782,SVC-0001,connection_failure_rate,UP,2024-01-10T05:37:00+00:00,MEDIUM,ELEVATED,SYNTHETIC
OBS-000783,EP-000783,SVC-0002,connection_failure_rate,UP,2024-01-10T05:54:00+00:00,MEDIUM,ELEVATED,SYNTHETIC
OBS-000784,EP-000784,SVC-0002,authentication_failure_rate,UP,2024-01-10T06:11:00+00:00,LOW,ELEVATED,SYNTHETIC
OBS-000785,EP-000785,SVC-0002,transaction_failure_rate,UP,2024-01-10T06:28:00+00:00,HIGH,SEVERE,SYNTHETIC
OBS-000786,EP-000786,SVC-0001,transaction_failure_rate,UP,2024-01-10T06:45:00+00:00,LOW,ELEVATED,SYNTHETIC
OBS-000787,EP-000787,SVC-0002,request_timeout_rate,UP,2024-01-10T07:02:00+00:00,HIGH,SEVERE,SYNTHETIC
OBS-000788,EP-000788,SVC-0002,queue_depth,UP,2024-01-10T07:19:00+00:00,LOW,ELEVATED,SYNTHETIC
OBS-000789,EP-000789,SVC-0001,saas_connection_failure_rate,UP,2024-01-10T07:36:00+00:00,HIGH,SEVERE,SYNTHETIC
OBS-000790,EP-000790,SVC-0001,saas_connection_failure_rate,UP,2024-01-10T07:36:00+00:00,HIGH,SEVERE,SYNTHETIC
OBS-000791,EP-000791,SVC-0001,authentication_failure_rate,UP,2024-01-10T08:10:00+00:00,HIGH,SEVERE,SYNTHETIC
OBS-000792,EP-000792,SVC-0001,authentication_failure_rate,UP,2024-01-10T08:10:00+00:00,HIGH,SEVERE,SYNTHETIC
OBS-000793,EP-000793,SVC-0001,saas_connection_failure_rate,UP,2024-01-10T08:44:00+00:00,HIGH,SEVERE,SYNTHETIC
OBS-000794,EP-000794,SVC-0001,saas_connection_failure_rate,UP,2024-01-10T08:44:00+00:00,HIGH,SEVERE,SYNTHETIC
OBS-000795,EP-000795,SVC-0001,authentication_failure_rate,UP,2024-01-10T09:18:00+00:00,HIGH,SEVERE,SYNTHETIC
OBS-000796,EP-000796,SVC-0001,authentication_failure_rate,UP,2024-01-10T09:18:00+00:00,HIGH,SEVERE,SYNTHETIC
OBS-000797,EP-000797,SVC-0001,saas_connection_failure_rate,UP,2024-01-10T09:52:00+00:00,HIGH,SEVERE,SYNTHETIC
OBS-000798,EP-000798,SVC-0001,saas_connection_failure_rate,UP,2024-01-10T09:52:00+00:00,HIGH,SEVERE,SYNTHETIC
OBS-000799,EP-000799,SVC-0001,authentication_failure_rate,UP,2024-01-10T10:26:00+00:00,HIGH,SEVERE,SYNTHETIC
OBS-000800,EP-000800,SVC-0001,authentication_failure_rate,UP,2024-01-10T10:26:00+00:00,HIGH,SEVERE,SYNTHETIC
