relationship_id,source_entity_id,relationship_type,target_entity_id,relationship_authority,confidence,lifecycle_status,data_classification
REL-000001,CAP-0001,CONTRIBUTES_TO,BO-0001,AUTHORITATIVE,1.0,ACTIVE,SYNTHETIC
REL-000002,CAP-0002,CONTRIBUTES_TO,BO-0001,AUTHORITATIVE,1.0,ACTIVE,SYNTHETIC
REL-000003,CAP-0003,CONTRIBUTES_TO,BO-0001,AUTHORITATIVE,1.0,ACTIVE,SYNTHETIC
REL-000004,CAP-0004,CONTRIBUTES_TO,BO-0001,AUTHORITATIVE,1.0,ACTIVE,SYNTHETIC
REL-000005,CAP-0005,CONTRIBUTES_TO,BO-0001,AUTHORITATIVE,1.0,ACTIVE,SYNTHETIC
REL-000006,CAP-0006,CONTRIBUTES_TO,BO-0001,AUTHORITATIVE,1.0,ACTIVE,SYNTHETIC
REL-000007,APP-0001,SUPPORTS,CAP-0001,AUTHORITATIVE,1.0,ACTIVE,SYNTHETIC
REL-000008,APP-0001,SUPPORTS,CAP-0002,AUTHORITATIVE,1.0,ACTIVE,SYNTHETIC
REL-000009,APP-0002,SUPPORTS,CAP-0003,AUTHORITATIVE,1.0,ACTIVE,SYNTHETIC
REL-000010,APP-0002,SUPPORTS,CAP-0004,AUTHORITATIVE,1.0,ACTIVE,SYNTHETIC
REL-000011,APP-0003,SUPPORTS,CAP-0005,AUTHORITATIVE,1.0,ACTIVE,SYNTHETIC
REL-000012,APP-0003,SUPPORTS,CAP-0006,AUTHORITATIVE,1.0,ACTIVE,SYNTHETIC
REL-000013,APP-0004,SUPPORTS,CAP-0001,AUTHORITATIVE,1.0,ACTIVE,SYNTHETIC
REL-000014,APP-0004,SUPPORTS,CAP-0002,AUTHORITATIVE,1.0,ACTIVE,SYNTHETIC
REL-000015,APP-0005,SUPPORTS,CAP-0003,AUTHORITATIVE,1.0,ACTIVE,SYNTHETIC
REL-000016,APP-0005,SUPPORTS,CAP-0004,AUTHORITATIVE,1.0,ACTIVE,SYNTHETIC
REL-000017,APP-0006,SUPPORTS,CAP-0005,AUTHORITATIVE,1.0,ACTIVE,SYNTHETIC
REL-000018,APP-0006,SUPPORTS,CAP-0006,AUTHORITATIVE,1.0,ACTIVE,SYNTHETIC
REL-000019,APP-0007,SUPPORTS,CAP-0001,AUTHORITATIVE,1.0,ACTIVE,SYNTHETIC
REL-000020,APP-0007,SUPPORTS,CAP-0002,AUTHORITATIVE,1.0,ACTIVE,SYNTHETIC
REL-000021,APP-0008,SUPPORTS,CAP-0003,AUTHORITATIVE,1.0,ACTIVE,SYNTHETIC
REL-000022,APP-0008,SUPPORTS,CAP-0004,AUTHORITATIVE,1.0,ACTIVE,SYNTHETIC
REL-000023,APP-0009,SUPPORTS,CAP-0005,AUTHORITATIVE,1.0,ACTIVE,SYNTHETIC
REL-000024,APP-0009,SUPPORTS,CAP-0006,AUTHORITATIVE,1.0,ACTIVE,SYNTHETIC
REL-000025,APP-0010,SUPPORTS,CAP-0001,AUTHORITATIVE,1.0,ACTIVE,SYNTHETIC
REL-000026,APP-0010,SUPPORTS,CAP-0002,AUTHORITATIVE,1.0,ACTIVE,SYNTHETIC
REL-000027,APP-0011,SUPPORTS,CAP-0003,AUTHORITATIVE,1.0,ACTIVE,SYNTHETIC
REL-000028,APP-0011,SUPPORTS,CAP-0004,AUTHORITATIVE,1.0,ACTIVE,SYNTHETIC
REL-000029,SVC-0001,IMPLEMENTS,APP-0001,AUTHORITATIVE,1.0,ACTIVE,SYNTHETIC
REL-000030,SVC-0001,SUPPORTS,CAP-0001,AUTHORITATIVE,1.0,ACTIVE,SYNTHETIC
REL-000031,SVC-0002,IMPLEMENTS,APP-0002,AUTHORITATIVE,1.0,ACTIVE,SYNTHETIC
REL-000032,SVC-0002,SUPPORTS,CAP-0004,AUTHORITATIVE,1.0,ACTIVE,SYNTHETIC
REL-000033,SVC-0003,IMPLEMENTS,APP-0003,AUTHORITATIVE,1.0,ACTIVE,SYNTHETIC
REL-000034,SVC-0003,SUPPORTS,CAP-0001,AUTHORITATIVE,1.0,ACTIVE,SYNTHETIC
REL-000035,SVC-0004,IMPLEMENTS,APP-0004,AUTHORITATIVE,1.0,ACTIVE,SYNTHETIC
REL-000036,SVC-0004,SUPPORTS,CAP-0004,AUTHORITATIVE,1.0,ACTIVE,SYNTHETIC
REL-000037,SVC-0005,IMPLEMENTS,APP-0005,AUTHORITATIVE,1.0,ACTIVE,SYNTHETIC
REL-000038,SVC-0005,SUPPORTS,CAP-0001,AUTHORITATIVE,1.0,ACTIVE,SYNTHETIC
REL-000039,SVC-0006,IMPLEMENTS,APP-0006,AUTHORITATIVE,1.0,ACTIVE,SYNTHETIC
REL-000040,SVC-0006,SUPPORTS,CAP-0004,AUTHORITATIVE,1.0,ACTIVE,SYNTHETIC
REL-000041,SVC-0007,IMPLEMENTS,APP-0007,AUTHORITATIVE,1.0,ACTIVE,SYNTHETIC
REL-000042,SVC-0007,SUPPORTS,CAP-0001,AUTHORITATIVE,1.0,ACTIVE,SYNTHETIC
REL-000043,SVC-0008,IMPLEMENTS,APP-0008,AUTHORITATIVE,1.0,ACTIVE,SYNTHETIC
REL-000044,SVC-0008,SUPPORTS,CAP-0004,AUTHORITATIVE,1.0,ACTIVE,SYNTHETIC
REL-000045,SVC-0009,IMPLEMENTS,APP-0009,AUTHORITATIVE,1.0,ACTIVE,SYNTHETIC
REL-000046,SVC-0009,SUPPORTS,CAP-0001,AUTHORITATIVE,1.0,ACTIVE,SYNTHETIC
REL-000047,SVC-0010,IMPLEMENTS,APP-0010,AUTHORITATIVE,1.0,ACTIVE,SYNTHETIC
REL-000048,SVC-0010,SUPPORTS,CAP-0004,AUTHORITATIVE,1.0,ACTIVE,SYNTHETIC
REL-000049,SVC-0011,IMPLEMENTS,APP-0011,AUTHORITATIVE,1.0,ACTIVE,SYNTHETIC
REL-000050,SVC-0011,SUPPORTS,CAP-0001,AUTHORITATIVE,1.0,ACTIVE,SYNTHETIC
REL-000051,SVC-0012,IMPLEMENTS,APP-0001,AUTHORITATIVE,1.0,ACTIVE,SYNTHETIC
REL-000052,SVC-0012,SUPPORTS,CAP-0004,AUTHORITATIVE,1.0,ACTIVE,SYNTHETIC
REL-000053,SVC-0013,IMPLEMENTS,APP-0002,AUTHORITATIVE,1.0,ACTIVE,SYNTHETIC
REL-000054,SVC-0013,SUPPORTS,CAP-0001,AUTHORITATIVE,1.0,ACTIVE,SYNTHETIC
REL-000055,SVC-0014,IMPLEMENTS,APP-0003,AUTHORITATIVE,1.0,ACTIVE,SYNTHETIC
REL-000056,SVC-0014,SUPPORTS,CAP-0004,AUTHORITATIVE,1.0,ACTIVE,SYNTHETIC
REL-000057,SVC-0015,IMPLEMENTS,APP-0004,AUTHORITATIVE,1.0,ACTIVE,SYNTHETIC
REL-000058,SVC-0015,SUPPORTS,CAP-0001,AUTHORITATIVE,1.0,ACTIVE,SYNTHETIC
REL-000059,SVC-0016,IMPLEMENTS,APP-0005,AUTHORITATIVE,1.0,ACTIVE,SYNTHETIC
REL-000060,SVC-0016,SUPPORTS,CAP-0004,AUTHORITATIVE,1.0,ACTIVE,SYNTHETIC
REL-000061,SVC-0017,IMPLEMENTS,APP-0006,AUTHORITATIVE,1.0,ACTIVE,SYNTHETIC
REL-000062,SVC-0017,SUPPORTS,CAP-0001,AUTHORITATIVE,1.0,ACTIVE,SYNTHETIC
REL-000063,SVC-0018,IMPLEMENTS,APP-0007,AUTHORITATIVE,1.0,ACTIVE,SYNTHETIC
REL-000064,SVC-0018,SUPPORTS,CAP-0004,AUTHORITATIVE,1.0,ACTIVE,SYNTHETIC
REL-000065,COMP-0001,PART_OF,SVC-0001,AUTHORITATIVE,1.0,ACTIVE,SYNTHETIC
REL-000066,COMP-0001,DEPENDS_ON,DATA-0001,AUTHORITATIVE,1.0,ACTIVE,SYNTHETIC
REL-000067,COMP-0001,HOSTED_ON,CLOUD-0001,AUTHORITATIVE,1.0,ACTIVE,SYNTHETIC
REL-000068,COMP-0001,ROUTED_THROUGH,INFRA-0001,AUTHORITATIVE,1.0,ACTIVE,SYNTHETIC
REL-000069,COMP-0002,PART_OF,SVC-0002,AUTHORITATIVE,1.0,ACTIVE,SYNTHETIC
REL-000070,COMP-0002,HOSTED_ON,CLOUD-0002,AUTHORITATIVE,1.0,ACTIVE,SYNTHETIC
REL-000071,COMP-0003,PART_OF,SVC-0003,AUTHORITATIVE,1.0,ACTIVE,SYNTHETIC
REL-000072,COMP-0003,DEPENDS_ON,DATA-0003,AUTHORITATIVE,1.0,ACTIVE,SYNTHETIC
REL-000073,COMP-0003,HOSTED_ON,CLOUD-0003,AUTHORITATIVE,1.0,ACTIVE,SYNTHETIC
REL-000074,COMP-0004,PART_OF,SVC-0004,AUTHORITATIVE,1.0,ACTIVE,SYNTHETIC
REL-000075,COMP-0004,HOSTED_ON,CLOUD-0004,AUTHORITATIVE,1.0,ACTIVE,SYNTHETIC
REL-000076,COMP-0004,ROUTED_THROUGH,INFRA-0004,AUTHORITATIVE,1.0,ACTIVE,SYNTHETIC
REL-000077,COMP-0005,PART_OF,SVC-0005,AUTHORITATIVE,1.0,ACTIVE,SYNTHETIC
REL-000078,COMP-0005,DEPENDS_ON,DATA-0005,AUTHORITATIVE,1.0,ACTIVE,SYNTHETIC
REL-000079,COMP-0005,HOSTED_ON,CLOUD-0005,AUTHORITATIVE,1.0,ACTIVE,SYNTHETIC
REL-000080,COMP-0006,PART_OF,SVC-0006,AUTHORITATIVE,1.0,ACTIVE,SYNTHETIC
REL-000081,COMP-0006,HOSTED_ON,CLOUD-0006,AUTHORITATIVE,1.0,ACTIVE,SYNTHETIC
REL-000082,COMP-0007,PART_OF,SVC-0007,AUTHORITATIVE,1.0,ACTIVE,SYNTHETIC
REL-000083,COMP-0007,DEPENDS_ON,DATA-0007,AUTHORITATIVE,1.0,ACTIVE,SYNTHETIC
REL-000084,COMP-0007,HOSTED_ON,CLOUD-0007,AUTHORITATIVE,1.0,ACTIVE,SYNTHETIC
REL-000085,COMP-0007,ROUTED_THROUGH,INFRA-0007,AUTHORITATIVE,1.0,ACTIVE,SYNTHETIC
REL-000086,COMP-0008,PART_OF,SVC-0008,AUTHORITATIVE,1.0,ACTIVE,SYNTHETIC
REL-000087,COMP-0008,HOSTED_ON,CLOUD-0008,AUTHORITATIVE,1.0,ACTIVE,SYNTHETIC
REL-000088,COMP-0009,PART_OF,SVC-0009,AUTHORITATIVE,1.0,ACTIVE,SYNTHETIC
REL-000089,COMP-0009,DEPENDS_ON,DATA-0009,AUTHORITATIVE,1.0,ACTIVE,SYNTHETIC
REL-000090,COMP-0009,HOSTED_ON,CLOUD-0009,AUTHORITATIVE,1.0,ACTIVE,SYNTHETIC
REL-000091,COMP-0010,PART_OF,SVC-0010,AUTHORITATIVE,1.0,ACTIVE,SYNTHETIC
REL-000092,COMP-0010,HOSTED_ON,CLOUD-0010,AUTHORITATIVE,1.0,ACTIVE,SYNTHETIC
REL-000093,COMP-0010,ROUTED_THROUGH,INFRA-0002,AUTHORITATIVE,1.0,ACTIVE,SYNTHETIC
REL-000094,COMP-0011,PART_OF,SVC-0011,AUTHORITATIVE,1.0,ACTIVE,SYNTHETIC
REL-000095,COMP-0011,DEPENDS_ON,DATA-0001,AUTHORITATIVE,1.0,ACTIVE,SYNTHETIC
REL-000096,COMP-0011,HOSTED_ON,CLOUD-0011,AUTHORITATIVE,1.0,ACTIVE,SYNTHETIC
REL-000097,COMP-0012,PART_OF,SVC-0012,AUTHORITATIVE,1.0,ACTIVE,SYNTHETIC
REL-000098,COMP-0012,HOSTED_ON,CLOUD-0012,AUTHORITATIVE,1.0,ACTIVE,SYNTHETIC
REL-000099,COMP-0013,PART_OF,SVC-0013,AUTHORITATIVE,1.0,ACTIVE,SYNTHETIC
REL-000100,COMP-0013,DEPENDS_ON,DATA-0003,AUTHORITATIVE,1.0,ACTIVE,SYNTHETIC
REL-000101,COMP-0013,HOSTED_ON,CLOUD-0013,AUTHORITATIVE,1.0,ACTIVE,SYNTHETIC
REL-000102,COMP-0013,ROUTED_THROUGH,INFRA-0005,AUTHORITATIVE,1.0,ACTIVE,SYNTHETIC
REL-000103,COMP-0014,PART_OF,SVC-0014,AUTHORITATIVE,1.0,ACTIVE,SYNTHETIC
REL-000104,COMP-0014,HOSTED_ON,CLOUD-0014,AUTHORITATIVE,1.0,ACTIVE,SYNTHETIC
REL-000105,COMP-0015,PART_OF,SVC-0015,AUTHORITATIVE,1.0,ACTIVE,SYNTHETIC
REL-000106,COMP-0015,DEPENDS_ON,DATA-0005,AUTHORITATIVE,1.0,ACTIVE,SYNTHETIC
REL-000107,COMP-0015,HOSTED_ON,CLOUD-0015,AUTHORITATIVE,1.0,ACTIVE,SYNTHETIC
REL-000108,COMP-0016,PART_OF,SVC-0016,AUTHORITATIVE,1.0,ACTIVE,SYNTHETIC
REL-000109,COMP-0016,HOSTED_ON,CLOUD-0016,AUTHORITATIVE,1.0,ACTIVE,SYNTHETIC
REL-000110,COMP-0016,ROUTED_THROUGH,INFRA-0008,AUTHORITATIVE,1.0,ACTIVE,SYNTHETIC
REL-000111,COMP-0017,PART_OF,SVC-0017,AUTHORITATIVE,1.0,ACTIVE,SYNTHETIC
REL-000112,COMP-0017,DEPENDS_ON,DATA-0007,AUTHORITATIVE,1.0,ACTIVE,SYNTHETIC
REL-000113,COMP-0017,HOSTED_ON,CLOUD-0017,AUTHORITATIVE,1.0,ACTIVE,SYNTHETIC
REL-000114,COMP-0018,PART_OF,SVC-0018,AUTHORITATIVE,1.0,ACTIVE,SYNTHETIC
REL-000115,COMP-0018,HOSTED_ON,CLOUD-0018,AUTHORITATIVE,1.0,ACTIVE,SYNTHETIC
REL-000116,COMP-0019,PART_OF,SVC-0001,AUTHORITATIVE,1.0,ACTIVE,SYNTHETIC
REL-000117,COMP-0019,DEPENDS_ON,DATA-0009,AUTHORITATIVE,1.0,ACTIVE,SYNTHETIC
REL-000118,COMP-0019,HOSTED_ON,CLOUD-0019,AUTHORITATIVE,1.0,ACTIVE,SYNTHETIC
REL-000119,COMP-0019,ROUTED_THROUGH,INFRA-0003,AUTHORITATIVE,1.0,ACTIVE,SYNTHETIC
REL-000120,COMP-0020,PART_OF,SVC-0002,AUTHORITATIVE,1.0,ACTIVE,SYNTHETIC
REL-000121,COMP-0020,HOSTED_ON,CLOUD-0020,AUTHORITATIVE,1.0,ACTIVE,SYNTHETIC
REL-000122,COMP-0021,PART_OF,SVC-0003,AUTHORITATIVE,1.0,ACTIVE,SYNTHETIC
REL-000123,COMP-0021,DEPENDS_ON,DATA-0001,AUTHORITATIVE,1.0,ACTIVE,SYNTHETIC
REL-000124,COMP-0021,HOSTED_ON,CLOUD-0021,AUTHORITATIVE,1.0,ACTIVE,SYNTHETIC
REL-000125,COMP-0022,PART_OF,SVC-0004,AUTHORITATIVE,1.0,ACTIVE,SYNTHETIC
REL-000126,COMP-0022,HOSTED_ON,CLOUD-0001,AUTHORITATIVE,1.0,ACTIVE,SYNTHETIC
REL-000127,COMP-0022,ROUTED_THROUGH,INFRA-0006,AUTHORITATIVE,1.0,ACTIVE,SYNTHETIC
REL-000128,COMP-0023,PART_OF,SVC-0005,AUTHORITATIVE,1.0,ACTIVE,SYNTHETIC
REL-000129,COMP-0023,DEPENDS_ON,DATA-0003,AUTHORITATIVE,1.0,ACTIVE,SYNTHETIC
REL-000130,COMP-0023,HOSTED_ON,CLOUD-0002,AUTHORITATIVE,1.0,ACTIVE,SYNTHETIC
REL-000131,COMP-0024,PART_OF,SVC-0006,AUTHORITATIVE,1.0,ACTIVE,SYNTHETIC
REL-000132,COMP-0024,HOSTED_ON,CLOUD-0003,AUTHORITATIVE,1.0,ACTIVE,SYNTHETIC
REL-000133,COMP-0025,PART_OF,SVC-0007,AUTHORITATIVE,1.0,ACTIVE,SYNTHETIC
REL-000134,COMP-0025,DEPENDS_ON,DATA-0005,AUTHORITATIVE,1.0,ACTIVE,SYNTHETIC
REL-000135,COMP-0025,HOSTED_ON,CLOUD-0004,AUTHORITATIVE,1.0,ACTIVE,SYNTHETIC
REL-000136,COMP-0025,ROUTED_THROUGH,INFRA-0001,AUTHORITATIVE,1.0,ACTIVE,SYNTHETIC
REL-000137,COMP-0026,PART_OF,SVC-0008,AUTHORITATIVE,1.0,ACTIVE,SYNTHETIC
REL-000138,COMP-0026,HOSTED_ON,CLOUD-0005,AUTHORITATIVE,1.0,ACTIVE,SYNTHETIC
REL-000139,COMP-0027,PART_OF,SVC-0009,AUTHORITATIVE,1.0,ACTIVE,SYNTHETIC
REL-000140,COMP-0027,DEPENDS_ON,DATA-0007,AUTHORITATIVE,1.0,ACTIVE,SYNTHETIC
REL-000141,COMP-0027,HOSTED_ON,CLOUD-0006,AUTHORITATIVE,1.0,ACTIVE,SYNTHETIC
REL-000142,COMP-0028,PART_OF,SVC-0010,AUTHORITATIVE,1.0,ACTIVE,SYNTHETIC
REL-000143,COMP-0028,HOSTED_ON,CLOUD-0007,AUTHORITATIVE,1.0,ACTIVE,SYNTHETIC
REL-000144,COMP-0028,ROUTED_THROUGH,INFRA-0004,AUTHORITATIVE,1.0,ACTIVE,SYNTHETIC
REL-000145,COMP-0029,PART_OF,SVC-0011,AUTHORITATIVE,1.0,ACTIVE,SYNTHETIC
REL-000146,COMP-0029,DEPENDS_ON,DATA-0009,AUTHORITATIVE,1.0,ACTIVE,SYNTHETIC
REL-000147,COMP-0029,HOSTED_ON,CLOUD-0008,AUTHORITATIVE,1.0,ACTIVE,SYNTHETIC
REL-000148,COMP-0030,PART_OF,SVC-0012,AUTHORITATIVE,1.0,ACTIVE,SYNTHETIC
REL-000149,COMP-0030,HOSTED_ON,CLOUD-0009,AUTHORITATIVE,1.0,ACTIVE,SYNTHETIC
REL-000150,SVC-0001,DEPENDS_ON,VENDOR-0001,AUTHORITATIVE,1.0,ACTIVE,SYNTHETIC
REL-000151,SVC-0001,ROUTED_THROUGH,INFRA-0001,AUTHORITATIVE,1.0,ACTIVE,SYNTHETIC
REL-000152,SVC-0001,OWNED_BY,TEAM-0001,AUTHORITATIVE,1.0,ACTIVE,SYNTHETIC
REL-000153,SVC-0002,OWNED_BY,TEAM-0002,AUTHORITATIVE,1.0,ACTIVE,SYNTHETIC
REL-000154,SVC-0003,OWNED_BY,TEAM-0003,AUTHORITATIVE,1.0,ACTIVE,SYNTHETIC
REL-000155,SVC-0004,OWNED_BY,TEAM-0004,AUTHORITATIVE,1.0,ACTIVE,SYNTHETIC
REL-000156,SVC-0005,DEPENDS_ON,VENDOR-0001,AUTHORITATIVE,1.0,ACTIVE,SYNTHETIC
REL-000157,SVC-0005,OWNED_BY,TEAM-0005,AUTHORITATIVE,1.0,ACTIVE,SYNTHETIC
REL-000158,SVC-0006,ROUTED_THROUGH,INFRA-0006,AUTHORITATIVE,1.0,ACTIVE,SYNTHETIC
REL-000159,SVC-0006,OWNED_BY,TEAM-0006,AUTHORITATIVE,1.0,ACTIVE,SYNTHETIC
REL-000160,SVC-0007,OWNED_BY,TEAM-0007,AUTHORITATIVE,1.0,ACTIVE,SYNTHETIC
REL-000161,SVC-0008,OWNED_BY,TEAM-0001,AUTHORITATIVE,1.0,ACTIVE,SYNTHETIC
REL-000162,SVC-0009,DEPENDS_ON,VENDOR-0001,AUTHORITATIVE,1.0,ACTIVE,SYNTHETIC
REL-000163,SVC-0009,OWNED_BY,TEAM-0002,AUTHORITATIVE,1.0,ACTIVE,SYNTHETIC
REL-000164,SVC-0010,OWNED_BY,TEAM-0003,AUTHORITATIVE,1.0,ACTIVE,SYNTHETIC
REL-000165,SVC-0011,ROUTED_THROUGH,INFRA-0003,AUTHORITATIVE,1.0,ACTIVE,SYNTHETIC
REL-000166,SVC-0011,OWNED_BY,TEAM-0004,AUTHORITATIVE,1.0,ACTIVE,SYNTHETIC
REL-000167,SVC-0012,OWNED_BY,TEAM-0005,AUTHORITATIVE,1.0,ACTIVE,SYNTHETIC
REL-000168,SVC-0013,DEPENDS_ON,VENDOR-0001,AUTHORITATIVE,1.0,ACTIVE,SYNTHETIC
REL-000169,SVC-0013,OWNED_BY,TEAM-0006,AUTHORITATIVE,1.0,ACTIVE,SYNTHETIC
REL-000170,SVC-0014,OWNED_BY,TEAM-0007,AUTHORITATIVE,1.0,ACTIVE,SYNTHETIC
REL-000171,SVC-0015,OWNED_BY,TEAM-0001,AUTHORITATIVE,1.0,ACTIVE,SYNTHETIC
REL-000172,SVC-0016,ROUTED_THROUGH,INFRA-0008,AUTHORITATIVE,1.0,ACTIVE,SYNTHETIC
REL-000173,SVC-0016,OWNED_BY,TEAM-0002,AUTHORITATIVE,1.0,ACTIVE,SYNTHETIC
REL-000174,SVC-0017,DEPENDS_ON,VENDOR-0001,AUTHORITATIVE,1.0,ACTIVE,SYNTHETIC
REL-000175,SVC-0017,OWNED_BY,TEAM-0003,AUTHORITATIVE,1.0,ACTIVE,SYNTHETIC
REL-000176,SVC-0018,OWNED_BY,TEAM-0004,AUTHORITATIVE,1.0,ACTIVE,SYNTHETIC
REL-000177,POL-0001,MODIFIES,INFRA-0001,AUTHORITATIVE,1.0,ACTIVE,SYNTHETIC
REL-000178,INFRA-0001,OWNED_BY,TEAM-0001,AUTHORITATIVE,1.0,ACTIVE,SYNTHETIC
REL-000179,POL-0002,MODIFIES,INFRA-0002,AUTHORITATIVE,1.0,ACTIVE,SYNTHETIC
REL-000180,INFRA-0002,OWNED_BY,TEAM-0003,AUTHORITATIVE,1.0,ACTIVE,SYNTHETIC
REL-000181,POL-0003,MODIFIES,INFRA-0003,AUTHORITATIVE,1.0,ACTIVE,SYNTHETIC
REL-000182,INFRA-0003,OWNED_BY,TEAM-0005,AUTHORITATIVE,1.0,ACTIVE,SYNTHETIC
REL-000183,POL-0004,MODIFIES,INFRA-0004,AUTHORITATIVE,1.0,ACTIVE,SYNTHETIC
REL-000184,INFRA-0004,OWNED_BY,TEAM-0007,AUTHORITATIVE,1.0,ACTIVE,SYNTHETIC
REL-000185,POL-0001,MODIFIES,INFRA-0005,AUTHORITATIVE,1.0,ACTIVE,SYNTHETIC
REL-000186,INFRA-0005,OWNED_BY,TEAM-0002,AUTHORITATIVE,1.0,ACTIVE,SYNTHETIC
REL-000187,POL-0002,MODIFIES,INFRA-0006,AUTHORITATIVE,1.0,ACTIVE,SYNTHETIC
REL-000188,INFRA-0006,OWNED_BY,TEAM-0004,AUTHORITATIVE,1.0,ACTIVE,SYNTHETIC
REL-000189,POL-0003,MODIFIES,INFRA-0007,AUTHORITATIVE,1.0,ACTIVE,SYNTHETIC
REL-000190,INFRA-0007,OWNED_BY,TEAM-0006,AUTHORITATIVE,1.0,ACTIVE,SYNTHETIC
REL-000191,POL-0004,MODIFIES,INFRA-0008,AUTHORITATIVE,1.0,ACTIVE,SYNTHETIC
REL-000192,INFRA-0008,OWNED_BY,TEAM-0001,AUTHORITATIVE,1.0,ACTIVE,SYNTHETIC
REL-000193,COMP-0029,DEPENDS_ON,COMP-0006,AUTHORITATIVE,1.0,ACTIVE,SYNTHETIC
REL-000194,COMP-0017,DEPENDS_ON,DATA-0008,AUTHORITATIVE,1.0,ACTIVE,SYNTHETIC
REL-000195,SVC-0017,ROUTED_THROUGH,INFRA-0005,AUTHORITATIVE,1.0,ACTIVE,SYNTHETIC
REL-000196,SVC-0001,AUTHENTICATES_WITH,INFRA-0008,AUTHORITATIVE,1.0,ACTIVE,SYNTHETIC
REL-000197,SVC-0004,DEPENDS_ON,VENDOR-0004,AUTHORITATIVE,1.0,ACTIVE,SYNTHETIC
REL-000198,CLOUD-0005,CONNECTED_TO,INFRA-0005,AUTHORITATIVE,1.0,ACTIVE,SYNTHETIC
REL-000199,DATA-0004,REPLICATES_TO,DATA-0005,AUTHORITATIVE,1.0,ACTIVE,SYNTHETIC
REL-000200,POL-0002,APPLIES_TO,COMP-0030,AUTHORITATIVE,1.0,ACTIVE,SYNTHETIC
REL-000201,POL-0001,APPLIES_TO,SVC-0005,DISCOVERED,0.938,ACTIVE,SYNTHETIC
REL-000202,TEAM-0001,SUPPORTS,SVC-0016,AUTHORITATIVE,1.0,ACTIVE,SYNTHETIC
REL-000203,COMP-0030,DEPENDS_ON,COMP-0009,AUTHORITATIVE,1.0,ACTIVE,SYNTHETIC
REL-000204,COMP-0003,DEPENDS_ON,DATA-0007,AUTHORITATIVE,1.0,ACTIVE,SYNTHETIC
REL-000205,SVC-0017,DEPENDS_ON,SVC-0010,AUTHORITATIVE,1.0,ACTIVE,SYNTHETIC
REL-000206,SVC-0006,ROUTED_THROUGH,INFRA-0005,AUTHORITATIVE,1.0,ACTIVE,SYNTHETIC
REL-000207,SVC-0018,AUTHENTICATES_WITH,INFRA-0007,AUTHORITATIVE,1.0,ACTIVE,SYNTHETIC
REL-000208,SVC-0014,DEPENDS_ON,VENDOR-0001,AUTHORITATIVE,1.0,ACTIVE,SYNTHETIC
REL-000209,CLOUD-0004,CONNECTED_TO,INFRA-0005,AUTHORITATIVE,1.0,ACTIVE,SYNTHETIC
REL-000210,DATA-0004,REPLICATES_TO,DATA-0008,DISCOVERED,0.678,ACTIVE,SYNTHETIC
REL-000211,POL-0002,APPLIES_TO,COMP-0006,AUTHORITATIVE,1.0,ACTIVE,SYNTHETIC
REL-000212,POL-0003,APPLIES_TO,SVC-0011,AUTHORITATIVE,1.0,ACTIVE,SYNTHETIC
REL-000213,TEAM-0003,SUPPORTS,SVC-0015,AUTHORITATIVE,1.0,ACTIVE,SYNTHETIC
REL-000214,COMP-0017,DEPENDS_ON,COMP-0028,AUTHORITATIVE,1.0,ACTIVE,SYNTHETIC
REL-000215,COMP-0002,DEPENDS_ON,DATA-0006,AUTHORITATIVE,1.0,ACTIVE,SYNTHETIC
REL-000216,SVC-0008,ROUTED_THROUGH,INFRA-0005,AUTHORITATIVE,1.0,ACTIVE,SYNTHETIC
REL-000217,SVC-0017,AUTHENTICATES_WITH,INFRA-0005,AUTHORITATIVE,1.0,ACTIVE,SYNTHETIC
REL-000218,SVC-0002,DEPENDS_ON,VENDOR-0004,AUTHORITATIVE,1.0,ACTIVE,SYNTHETIC
REL-000219,CLOUD-0020,CONNECTED_TO,INFRA-0002,AUTHORITATIVE,1.0,ACTIVE,SYNTHETIC
REL-000220,DATA-0006,REPLICATES_TO,DATA-0010,DISCOVERED,0.666,ACTIVE,SYNTHETIC
REL-000221,POL-0004,APPLIES_TO,COMP-0007,AUTHORITATIVE,1.0,ACTIVE,SYNTHETIC
REL-000222,POL-0002,APPLIES_TO,SVC-0015,AUTHORITATIVE,1.0,ACTIVE,SYNTHETIC
REL-000223,TEAM-0002,SUPPORTS,SVC-0008,DISCOVERED,0.889,ACTIVE,SYNTHETIC
REL-000224,COMP-0001,DEPENDS_ON,COMP-0027,AUTHORITATIVE,1.0,ACTIVE,SYNTHETIC
REL-000225,COMP-0028,DEPENDS_ON,DATA-0005,AUTHORITATIVE,1.0,ACTIVE,SYNTHETIC
REL-000226,SVC-0013,DEPENDS_ON,SVC-0015,AUTHORITATIVE,1.0,ACTIVE,SYNTHETIC
REL-000227,SVC-0012,ROUTED_THROUGH,INFRA-0006,AUTHORITATIVE,1.0,ACTIVE,SYNTHETIC
REL-000228,SVC-0011,AUTHENTICATES_WITH,INFRA-0006,DISCOVERED,0.755,ACTIVE,SYNTHETIC
REL-000229,SVC-0002,DEPENDS_ON,VENDOR-0002,AUTHORITATIVE,1.0,ACTIVE,SYNTHETIC
REL-000230,CLOUD-0019,CONNECTED_TO,INFRA-0002,AUTHORITATIVE,1.0,ACTIVE,SYNTHETIC
REL-000231,DATA-0003,REPLICATES_TO,DATA-0008,AUTHORITATIVE,1.0,ACTIVE,SYNTHETIC
REL-000232,POL-0004,APPLIES_TO,COMP-0019,AUTHORITATIVE,1.0,ACTIVE,SYNTHETIC
REL-000233,POL-0003,APPLIES_TO,SVC-0010,AUTHORITATIVE,1.0,ACTIVE,SYNTHETIC
REL-000234,TEAM-0003,SUPPORTS,SVC-0001,DISCOVERED,0.685,ACTIVE,SYNTHETIC
REL-000235,COMP-0012,DEPENDS_ON,COMP-0022,AUTHORITATIVE,1.0,ACTIVE,SYNTHETIC
REL-000236,COMP-0023,DEPENDS_ON,DATA-0007,AUTHORITATIVE,1.0,ACTIVE,SYNTHETIC
REL-000237,SVC-0003,DEPENDS_ON,SVC-0001,AUTHORITATIVE,1.0,ACTIVE,SYNTHETIC
REL-000238,SVC-0017,ROUTED_THROUGH,INFRA-0006,DISCOVERED,0.901,ACTIVE,SYNTHETIC
REL-000239,SVC-0004,AUTHENTICATES_WITH,INFRA-0007,AUTHORITATIVE,1.0,ACTIVE,SYNTHETIC
REL-000240,CLOUD-0016,CONNECTED_TO,INFRA-0004,AUTHORITATIVE,1.0,ACTIVE,SYNTHETIC
REL-000241,DATA-0007,REPLICATES_TO,DATA-0010,AUTHORITATIVE,1.0,ACTIVE,SYNTHETIC
REL-000242,POL-0003,APPLIES_TO,COMP-0030,AUTHORITATIVE,1.0,ACTIVE,SYNTHETIC
REL-000243,POL-0003,APPLIES_TO,SVC-0008,DISCOVERED,0.852,ACTIVE,SYNTHETIC
REL-000244,TEAM-0002,SUPPORTS,SVC-0007,AUTHORITATIVE,1.0,ACTIVE,SYNTHETIC
REL-000245,COMP-0019,DEPENDS_ON,COMP-0003,DISCOVERED,0.68,ACTIVE,SYNTHETIC
REL-000246,COMP-0023,DEPENDS_ON,DATA-0008,DISCOVERED,0.917,ACTIVE,SYNTHETIC
REL-000247,SVC-0010,DEPENDS_ON,SVC-0013,DISCOVERED,0.774,ACTIVE,SYNTHETIC
REL-000248,SVC-0012,ROUTED_THROUGH,INFRA-0004,AUTHORITATIVE,1.0,ACTIVE,SYNTHETIC
REL-000249,SVC-0015,AUTHENTICATES_WITH,INFRA-0006,AUTHORITATIVE,1.0,ACTIVE,SYNTHETIC
REL-000250,SVC-0011,DEPENDS_ON,VENDOR-0004,AUTHORITATIVE,1.0,ACTIVE,SYNTHETIC
REL-000251,CLOUD-0018,CONNECTED_TO,INFRA-0001,AUTHORITATIVE,1.0,ACTIVE,SYNTHETIC
REL-000252,DATA-0010,REPLICATES_TO,DATA-0009,AUTHORITATIVE,1.0,ACTIVE,SYNTHETIC
REL-000253,POL-0001,APPLIES_TO,COMP-0002,AUTHORITATIVE,1.0,ACTIVE,SYNTHETIC
REL-000254,POL-0001,APPLIES_TO,SVC-0014,AUTHORITATIVE,1.0,ACTIVE,SYNTHETIC
REL-000255,TEAM-0006,SUPPORTS,SVC-0012,AUTHORITATIVE,1.0,ACTIVE,SYNTHETIC
REL-000256,COMP-0023,DEPENDS_ON,COMP-0026,AUTHORITATIVE,1.0,ACTIVE,SYNTHETIC
REL-000257,COMP-0019,DEPENDS_ON,DATA-0003,AUTHORITATIVE,1.0,ACTIVE,SYNTHETIC
REL-000258,SVC-0011,DEPENDS_ON,SVC-0012,AUTHORITATIVE,1.0,ACTIVE,SYNTHETIC
REL-000259,SVC-0001,ROUTED_THROUGH,INFRA-0007,AUTHORITATIVE,1.0,ACTIVE,SYNTHETIC
REL-000260,CLOUD-0005,CONNECTED_TO,INFRA-0003,AUTHORITATIVE,1.0,ACTIVE,SYNTHETIC
REL-000261,DATA-0003,REPLICATES_TO,DATA-0005,AUTHORITATIVE,1.0,ACTIVE,SYNTHETIC
REL-000262,POL-0001,APPLIES_TO,COMP-0011,AUTHORITATIVE,1.0,ACTIVE,SYNTHETIC
REL-000263,POL-0004,APPLIES_TO,SVC-0016,DISCOVERED,0.845,ACTIVE,SYNTHETIC
REL-000264,TEAM-0004,SUPPORTS,SVC-0001,AUTHORITATIVE,1.0,ACTIVE,SYNTHETIC
REL-000265,COMP-0010,DEPENDS_ON,COMP-0001,AUTHORITATIVE,1.0,ACTIVE,SYNTHETIC
REL-000266,COMP-0028,DEPENDS_ON,DATA-0003,AUTHORITATIVE,1.0,ACTIVE,SYNTHETIC
REL-000267,SVC-0013,ROUTED_THROUGH,INFRA-0001,AUTHORITATIVE,1.0,ACTIVE,SYNTHETIC
REL-000268,SVC-0013,AUTHENTICATES_WITH,INFRA-0003,DISCOVERED,0.66,ACTIVE,SYNTHETIC
REL-000269,CLOUD-0012,CONNECTED_TO,INFRA-0004,AUTHORITATIVE,1.0,ACTIVE,SYNTHETIC
REL-000270,POL-0002,APPLIES_TO,COMP-0025,AUTHORITATIVE,1.0,ACTIVE,SYNTHETIC
REL-000271,POL-0002,APPLIES_TO,SVC-0005,DISCOVERED,0.662,ACTIVE,SYNTHETIC
REL-000272,TEAM-0001,SUPPORTS,SVC-0002,AUTHORITATIVE,1.0,ACTIVE,SYNTHETIC
REL-000273,COMP-0017,DEPENDS_ON,COMP-0029,AUTHORITATIVE,1.0,ACTIVE,SYNTHETIC
REL-000274,COMP-0003,DEPENDS_ON,DATA-0006,AUTHORITATIVE,1.0,ACTIVE,SYNTHETIC
REL-000275,SVC-0005,DEPENDS_ON,SVC-0001,DISCOVERED,0.822,ACTIVE,SYNTHETIC
REL-000276,SVC-0017,ROUTED_THROUGH,INFRA-0004,AUTHORITATIVE,1.0,ACTIVE,SYNTHETIC
REL-000277,SVC-0016,AUTHENTICATES_WITH,INFRA-0004,DISCOVERED,0.829,ACTIVE,SYNTHETIC
REL-000278,SVC-0008,DEPENDS_ON,VENDOR-0001,AUTHORITATIVE,1.0,ACTIVE,SYNTHETIC
REL-000279,CLOUD-0002,CONNECTED_TO,INFRA-0007,AUTHORITATIVE,1.0,ACTIVE,SYNTHETIC
REL-000280,DATA-0005,REPLICATES_TO,DATA-0004,AUTHORITATIVE,1.0,ACTIVE,SYNTHETIC
REL-000281,POL-0003,APPLIES_TO,COMP-0027,DISCOVERED,0.697,ACTIVE,SYNTHETIC
REL-000282,COMP-0030,DEPENDS_ON,COMP-0006,AUTHORITATIVE,1.0,ACTIVE,SYNTHETIC
REL-000283,COMP-0013,DEPENDS_ON,DATA-0009,AUTHORITATIVE,1.0,ACTIVE,SYNTHETIC
REL-000284,SVC-0016,DEPENDS_ON,SVC-0002,DISCOVERED,0.737,ACTIVE,SYNTHETIC
REL-000285,SVC-0018,ROUTED_THROUGH,INFRA-0003,AUTHORITATIVE,1.0,ACTIVE,SYNTHETIC
REL-000286,SVC-0016,AUTHENTICATES_WITH,INFRA-0005,AUTHORITATIVE,1.0,ACTIVE,SYNTHETIC
REL-000287,SVC-0014,DEPENDS_ON,VENDOR-0003,AUTHORITATIVE,1.0,ACTIVE,SYNTHETIC
REL-000288,CLOUD-0018,CONNECTED_TO,INFRA-0007,AUTHORITATIVE,1.0,ACTIVE,SYNTHETIC
REL-000289,DATA-0002,REPLICATES_TO,DATA-0005,DISCOVERED,0.868,ACTIVE,SYNTHETIC
REL-000290,POL-0003,APPLIES_TO,COMP-0016,AUTHORITATIVE,1.0,ACTIVE,SYNTHETIC
REL-000291,TEAM-0007,SUPPORTS,SVC-0015,DISCOVERED,0.838,ACTIVE,SYNTHETIC
REL-000292,COMP-0017,DEPENDS_ON,COMP-0004,AUTHORITATIVE,1.0,ACTIVE,SYNTHETIC
REL-000293,COMP-0016,DEPENDS_ON,DATA-0008,AUTHORITATIVE,1.0,ACTIVE,SYNTHETIC
REL-000294,SVC-0007,DEPENDS_ON,SVC-0005,DISCOVERED,0.886,ACTIVE,SYNTHETIC
REL-000295,SVC-0001,ROUTED_THROUGH,INFRA-0005,AUTHORITATIVE,1.0,ACTIVE,SYNTHETIC
REL-000296,SVC-0013,AUTHENTICATES_WITH,INFRA-0008,AUTHORITATIVE,1.0,ACTIVE,SYNTHETIC
REL-000297,SVC-0009,DEPENDS_ON,VENDOR-0003,AUTHORITATIVE,1.0,ACTIVE,SYNTHETIC
REL-000298,CLOUD-0013,CONNECTED_TO,INFRA-0007,AUTHORITATIVE,1.0,ACTIVE,SYNTHETIC
REL-000299,DATA-0007,REPLICATES_TO,DATA-0003,AUTHORITATIVE,1.0,ACTIVE,SYNTHETIC
REL-000300,POL-0003,APPLIES_TO,COMP-0014,AUTHORITATIVE,1.0,ACTIVE,SYNTHETIC
REL-000301,POL-0003,APPLIES_TO,SVC-0017,AUTHORITATIVE,1.0,ACTIVE,SYNTHETIC
REL-000302,TEAM-0004,SUPPORTS,SVC-0002,AUTHORITATIVE,1.0,ACTIVE,SYNTHETIC
REL-000303,COMP-0007,DEPENDS_ON,COMP-0022,AUTHORITATIVE,1.0,ACTIVE,SYNTHETIC
REL-000304,COMP-0018,DEPENDS_ON,DATA-0007,AUTHORITATIVE,1.0,ACTIVE,SYNTHETIC
REL-000305,SVC-0017,DEPENDS_ON,SVC-0009,AUTHORITATIVE,1.0,ACTIVE,SYNTHETIC
REL-000306,SVC-0015,ROUTED_THROUGH,INFRA-0002,AUTHORITATIVE,1.0,ACTIVE,SYNTHETIC
REL-000307,SVC-0013,AUTHENTICATES_WITH,INFRA-0006,AUTHORITATIVE,1.0,ACTIVE,SYNTHETIC
REL-000308,SVC-0007,DEPENDS_ON,VENDOR-0003,AUTHORITATIVE,1.0,ACTIVE,SYNTHETIC
REL-000309,CLOUD-0020,CONNECTED_TO,INFRA-0003,AUTHORITATIVE,1.0,ACTIVE,SYNTHETIC
REL-000310,DATA-0004,REPLICATES_TO,DATA-0007,AUTHORITATIVE,1.0,ACTIVE,SYNTHETIC
REL-000311,POL-0002,APPLIES_TO,COMP-0023,AUTHORITATIVE,1.0,ACTIVE,SYNTHETIC
REL-000312,POL-0002,APPLIES_TO,SVC-0006,AUTHORITATIVE,1.0,ACTIVE,SYNTHETIC
REL-000313,TEAM-0005,SUPPORTS,SVC-0015,AUTHORITATIVE,1.0,ACTIVE,SYNTHETIC
REL-000314,COMP-0021,DEPENDS_ON,COMP-0005,AUTHORITATIVE,1.0,ACTIVE,SYNTHETIC
REL-000315,COMP-0021,DEPENDS_ON,DATA-0010,AUTHORITATIVE,1.0,ACTIVE,SYNTHETIC
REL-000316,SVC-0018,DEPENDS_ON,SVC-0014,AUTHORITATIVE,1.0,ACTIVE,SYNTHETIC
REL-000317,SVC-0005,ROUTED_THROUGH,INFRA-0005,AUTHORITATIVE,1.0,ACTIVE,SYNTHETIC
REL-000318,SVC-0004,AUTHENTICATES_WITH,INFRA-0004,AUTHORITATIVE,1.0,ACTIVE,SYNTHETIC
REL-000319,CLOUD-0006,CONNECTED_TO,INFRA-0006,AUTHORITATIVE,1.0,ACTIVE,SYNTHETIC
REL-000320,DATA-0001,REPLICATES_TO,DATA-0010,DISCOVERED,0.742,ACTIVE,SYNTHETIC
REL-000321,POL-0002,APPLIES_TO,COMP-0004,AUTHORITATIVE,1.0,ACTIVE,SYNTHETIC
REL-000322,POL-0002,APPLIES_TO,SVC-0016,AUTHORITATIVE,1.0,ACTIVE,SYNTHETIC
REL-000323,TEAM-0001,SUPPORTS,SVC-0012,AUTHORITATIVE,1.0,ACTIVE,SYNTHETIC
REL-000324,COMP-0005,DEPENDS_ON,DATA-0008,AUTHORITATIVE,1.0,ACTIVE,SYNTHETIC
REL-000325,SVC-0001,DEPENDS_ON,SVC-0009,DISCOVERED,0.726,ACTIVE,SYNTHETIC
REL-000326,SVC-0005,ROUTED_THROUGH,INFRA-0001,AUTHORITATIVE,1.0,ACTIVE,SYNTHETIC
REL-000327,SVC-0008,AUTHENTICATES_WITH,INFRA-0003,DISCOVERED,0.863,ACTIVE,SYNTHETIC
REL-000328,SVC-0005,DEPENDS_ON,VENDOR-0004,AUTHORITATIVE,1.0,ACTIVE,SYNTHETIC
REL-000329,CLOUD-0014,CONNECTED_TO,INFRA-0007,AUTHORITATIVE,1.0,ACTIVE,SYNTHETIC
REL-000330,DATA-0008,REPLICATES_TO,DATA-0003,AUTHORITATIVE,1.0,ACTIVE,SYNTHETIC
REL-000331,POL-0004,APPLIES_TO,COMP-0018,AUTHORITATIVE,1.0,ACTIVE,SYNTHETIC
REL-000332,POL-0001,APPLIES_TO,SVC-0006,AUTHORITATIVE,1.0,ACTIVE,SYNTHETIC
REL-000333,TEAM-0006,SUPPORTS,SVC-0017,DISCOVERED,0.749,ACTIVE,SYNTHETIC
REL-000334,COMP-0016,DEPENDS_ON,COMP-0001,DISCOVERED,0.77,ACTIVE,SYNTHETIC
REL-000335,COMP-0014,DEPENDS_ON,DATA-0004,AUTHORITATIVE,1.0,ACTIVE,SYNTHETIC
REL-000336,SVC-0005,DEPENDS_ON,SVC-0007,AUTHORITATIVE,1.0,ACTIVE,SYNTHETIC
REL-000337,SVC-0013,ROUTED_THROUGH,INFRA-0002,DISCOVERED,0.768,ACTIVE,SYNTHETIC
REL-000338,SVC-0011,AUTHENTICATES_WITH,INFRA-0004,AUTHORITATIVE,1.0,ACTIVE,SYNTHETIC
REL-000339,SVC-0013,DEPENDS_ON,VENDOR-0002,AUTHORITATIVE,1.0,ACTIVE,SYNTHETIC
REL-000340,CLOUD-0020,CONNECTED_TO,INFRA-0004,DISCOVERED,0.907,ACTIVE,SYNTHETIC
REL-000341,DATA-0006,REPLICATES_TO,DATA-0002,AUTHORITATIVE,1.0,ACTIVE,SYNTHETIC
REL-000342,POL-0004,APPLIES_TO,COMP-0025,AUTHORITATIVE,1.0,ACTIVE,SYNTHETIC
REL-000343,POL-0001,APPLIES_TO,SVC-0012,AUTHORITATIVE,1.0,ACTIVE,SYNTHETIC
REL-000344,TEAM-0005,SUPPORTS,SVC-0010,AUTHORITATIVE,1.0,ACTIVE,SYNTHETIC
REL-000345,COMP-0010,DEPENDS_ON,COMP-0005,AUTHORITATIVE,1.0,ACTIVE,SYNTHETIC
REL-000346,COMP-0012,DEPENDS_ON,DATA-0002,AUTHORITATIVE,1.0,ACTIVE,SYNTHETIC
REL-000347,SVC-0007,DEPENDS_ON,SVC-0001,AUTHORITATIVE,1.0,ACTIVE,SYNTHETIC
REL-000348,SVC-0009,ROUTED_THROUGH,INFRA-0003,DISCOVERED,0.742,ACTIVE,SYNTHETIC
REL-000349,SVC-0018,AUTHENTICATES_WITH,INFRA-0004,AUTHORITATIVE,1.0,ACTIVE,SYNTHETIC
REL-000350,SVC-0008,DEPENDS_ON,VENDOR-0003,AUTHORITATIVE,1.0,ACTIVE,SYNTHETIC
REL-000351,CLOUD-0021,CONNECTED_TO,INFRA-0005,AUTHORITATIVE,1.0,ACTIVE,SYNTHETIC
REL-000352,DATA-0001,REPLICATES_TO,DATA-0006,AUTHORITATIVE,1.0,ACTIVE,SYNTHETIC
REL-000353,POL-0004,APPLIES_TO,COMP-0021,AUTHORITATIVE,1.0,ACTIVE,SYNTHETIC
REL-000354,POL-0003,APPLIES_TO,SVC-0006,AUTHORITATIVE,1.0,ACTIVE,SYNTHETIC
REL-000355,TEAM-0004,SUPPORTS,SVC-0008,AUTHORITATIVE,1.0,ACTIVE,SYNTHETIC
REL-000356,COMP-0021,DEPENDS_ON,COMP-0025,AUTHORITATIVE,1.0,ACTIVE,SYNTHETIC
REL-000357,COMP-0012,DEPENDS_ON,DATA-0004,AUTHORITATIVE,1.0,ACTIVE,SYNTHETIC
REL-000358,SVC-0016,DEPENDS_ON,SVC-0005,AUTHORITATIVE,1.0,ACTIVE,SYNTHETIC
REL-000359,SVC-0011,AUTHENTICATES_WITH,INFRA-0003,AUTHORITATIVE,1.0,ACTIVE,SYNTHETIC
REL-000360,SVC-0015,DEPENDS_ON,VENDOR-0004,DISCOVERED,0.836,ACTIVE,SYNTHETIC
REL-000361,CLOUD-0012,CONNECTED_TO,INFRA-0002,AUTHORITATIVE,1.0,ACTIVE,SYNTHETIC
REL-000362,DATA-0005,REPLICATES_TO,DATA-0007,AUTHORITATIVE,1.0,ACTIVE,SYNTHETIC
REL-000363,POL-0001,APPLIES_TO,COMP-0018,AUTHORITATIVE,1.0,ACTIVE,SYNTHETIC
REL-000364,POL-0001,APPLIES_TO,SVC-0011,AUTHORITATIVE,1.0,ACTIVE,SYNTHETIC
REL-000365,TEAM-0001,SUPPORTS,SVC-0017,AUTHORITATIVE,1.0,ACTIVE,SYNTHETIC
REL-000366,COMP-0011,DEPENDS_ON,COMP-0003,AUTHORITATIVE,1.0,ACTIVE,SYNTHETIC
REL-000367,COMP-0017,DEPENDS_ON,DATA-0004,AUTHORITATIVE,1.0,ACTIVE,SYNTHETIC
REL-000368,SVC-0016,DEPENDS_ON,SVC-0008,AUTHORITATIVE,1.0,ACTIVE,SYNTHETIC
REL-000369,SVC-0014,ROUTED_THROUGH,INFRA-0001,AUTHORITATIVE,1.0,ACTIVE,SYNTHETIC
REL-000370,SVC-0010,AUTHENTICATES_WITH,INFRA-0003,AUTHORITATIVE,1.0,ACTIVE,SYNTHETIC
REL-000371,SVC-0013,DEPENDS_ON,VENDOR-0004,AUTHORITATIVE,1.0,ACTIVE,SYNTHETIC
REL-000372,CLOUD-0012,CONNECTED_TO,INFRA-0008,AUTHORITATIVE,1.0,ACTIVE,SYNTHETIC
REL-000373,DATA-0009,REPLICATES_TO,DATA-0001,AUTHORITATIVE,1.0,ACTIVE,SYNTHETIC
REL-000374,POL-0002,APPLIES_TO,COMP-0028,AUTHORITATIVE,1.0,ACTIVE,SYNTHETIC
REL-000375,POL-0004,APPLIES_TO,SVC-0012,AUTHORITATIVE,1.0,ACTIVE,SYNTHETIC
REL-000376,TEAM-0002,SUPPORTS,SVC-0018,AUTHORITATIVE,1.0,ACTIVE,SYNTHETIC
REL-000377,COMP-0027,DEPENDS_ON,COMP-0007,AUTHORITATIVE,1.0,ACTIVE,SYNTHETIC
REL-000378,COMP-0026,DEPENDS_ON,DATA-0008,AUTHORITATIVE,1.0,ACTIVE,SYNTHETIC
REL-000379,SVC-0015,DEPENDS_ON,SVC-0010,AUTHORITATIVE,1.0,ACTIVE,SYNTHETIC
REL-000380,SVC-0005,ROUTED_THROUGH,INFRA-0002,AUTHORITATIVE,1.0,ACTIVE,SYNTHETIC
REL-000381,SVC-0015,AUTHENTICATES_WITH,INFRA-0004,AUTHORITATIVE,1.0,ACTIVE,SYNTHETIC
REL-000382,SVC-0005,DEPENDS_ON,VENDOR-0002,AUTHORITATIVE,1.0,ACTIVE,SYNTHETIC
REL-000383,CLOUD-0003,CONNECTED_TO,INFRA-0007,AUTHORITATIVE,1.0,ACTIVE,SYNTHETIC
REL-000384,DATA-0003,REPLICATES_TO,DATA-0009,AUTHORITATIVE,1.0,ACTIVE,SYNTHETIC
REL-000385,POL-0003,APPLIES_TO,COMP-0023,AUTHORITATIVE,1.0,ACTIVE,SYNTHETIC
REL-000386,POL-0001,APPLIES_TO,SVC-0002,AUTHORITATIVE,1.0,ACTIVE,SYNTHETIC
REL-000387,TEAM-0001,SUPPORTS,SVC-0007,AUTHORITATIVE,1.0,ACTIVE,SYNTHETIC
REL-000388,COMP-0016,DEPENDS_ON,COMP-0029,AUTHORITATIVE,1.0,ACTIVE,SYNTHETIC
REL-000389,COMP-0028,DEPENDS_ON,DATA-0006,AUTHORITATIVE,1.0,ACTIVE,SYNTHETIC
REL-000390,SVC-0003,DEPENDS_ON,SVC-0012,AUTHORITATIVE,1.0,ACTIVE,SYNTHETIC
REL-000391,SVC-0002,ROUTED_THROUGH,INFRA-0001,AUTHORITATIVE,1.0,ACTIVE,SYNTHETIC
REL-000392,SVC-0003,AUTHENTICATES_WITH,INFRA-0004,AUTHORITATIVE,1.0,ACTIVE,SYNTHETIC
REL-000393,CLOUD-0010,CONNECTED_TO,INFRA-0004,AUTHORITATIVE,1.0,ACTIVE,SYNTHETIC
REL-000394,DATA-0001,REPLICATES_TO,DATA-0005,DISCOVERED,0.857,ACTIVE,SYNTHETIC
REL-000395,POL-0002,APPLIES_TO,COMP-0024,AUTHORITATIVE,1.0,ACTIVE,SYNTHETIC
REL-000396,POL-0003,APPLIES_TO,SVC-0013,AUTHORITATIVE,1.0,ACTIVE,SYNTHETIC
REL-000397,TEAM-0003,SUPPORTS,SVC-0002,AUTHORITATIVE,1.0,ACTIVE,SYNTHETIC
REL-000398,COMP-0003,DEPENDS_ON,COMP-0019,AUTHORITATIVE,1.0,ACTIVE,SYNTHETIC
REL-000399,COMP-0010,DEPENDS_ON,DATA-0001,AUTHORITATIVE,1.0,ACTIVE,SYNTHETIC
REL-000400,SVC-0014,DEPENDS_ON,SVC-0015,AUTHORITATIVE,1.0,ACTIVE,SYNTHETIC
REL-000401,SVC-0008,ROUTED_THROUGH,INFRA-0004,AUTHORITATIVE,1.0,ACTIVE,SYNTHETIC
REL-000402,SVC-0012,AUTHENTICATES_WITH,INFRA-0001,AUTHORITATIVE,1.0,ACTIVE,SYNTHETIC
REL-000403,SVC-0018,DEPENDS_ON,VENDOR-0001,AUTHORITATIVE,1.0,ACTIVE,SYNTHETIC
REL-000404,DATA-0004,REPLICATES_TO,DATA-0010,AUTHORITATIVE,1.0,ACTIVE,SYNTHETIC
REL-000405,POL-0004,APPLIES_TO,COMP-0006,AUTHORITATIVE,1.0,ACTIVE,SYNTHETIC
REL-000406,POL-0002,APPLIES_TO,SVC-0002,DISCOVERED,0.666,ACTIVE,SYNTHETIC
REL-000407,COMP-0005,DEPENDS_ON,COMP-0027,DISCOVERED,0.673,ACTIVE,SYNTHETIC
REL-000408,COMP-0014,DEPENDS_ON,DATA-0008,AUTHORITATIVE,1.0,ACTIVE,SYNTHETIC
REL-000409,SVC-0012,DEPENDS_ON,SVC-0005,DISCOVERED,0.744,ACTIVE,SYNTHETIC
REL-000410,SVC-0008,ROUTED_THROUGH,INFRA-0002,DISCOVERED,0.776,ACTIVE,SYNTHETIC
REL-000411,SVC-0011,AUTHENTICATES_WITH,INFRA-0002,AUTHORITATIVE,1.0,ACTIVE,SYNTHETIC
REL-000412,SVC-0003,DEPENDS_ON,VENDOR-0001,AUTHORITATIVE,1.0,ACTIVE,SYNTHETIC
REL-000413,CLOUD-0018,CONNECTED_TO,INFRA-0008,AUTHORITATIVE,1.0,ACTIVE,SYNTHETIC
REL-000414,POL-0001,APPLIES_TO,COMP-0020,AUTHORITATIVE,1.0,ACTIVE,SYNTHETIC
REL-000415,POL-0003,APPLIES_TO,SVC-0002,AUTHORITATIVE,1.0,ACTIVE,SYNTHETIC
REL-000416,TEAM-0001,SUPPORTS,SVC-0010,AUTHORITATIVE,1.0,ACTIVE,SYNTHETIC
REL-000417,COMP-0013,DEPENDS_ON,COMP-0006,AUTHORITATIVE,1.0,ACTIVE,SYNTHETIC
REL-000418,COMP-0002,DEPENDS_ON,DATA-0010,AUTHORITATIVE,1.0,ACTIVE,SYNTHETIC
REL-000419,SVC-0008,DEPENDS_ON,SVC-0007,AUTHORITATIVE,1.0,ACTIVE,SYNTHETIC
REL-000420,SVC-0010,ROUTED_THROUGH,INFRA-0005,AUTHORITATIVE,1.0,ACTIVE,SYNTHETIC
REL-000421,SVC-0004,DEPENDS_ON,VENDOR-0003,DISCOVERED,0.662,ACTIVE,SYNTHETIC
REL-000422,CLOUD-0020,CONNECTED_TO,INFRA-0008,AUTHORITATIVE,1.0,ACTIVE,SYNTHETIC
REL-000423,DATA-0009,REPLICATES_TO,DATA-0003,AUTHORITATIVE,1.0,ACTIVE,SYNTHETIC
REL-000424,POL-0003,APPLIES_TO,COMP-0015,AUTHORITATIVE,1.0,ACTIVE,SYNTHETIC
REL-000425,TEAM-0003,SUPPORTS,SVC-0012,AUTHORITATIVE,1.0,ACTIVE,SYNTHETIC
REL-000426,COMP-0006,DEPENDS_ON,COMP-0014,AUTHORITATIVE,1.0,ACTIVE,SYNTHETIC
REL-000427,SVC-0003,DEPENDS_ON,SVC-0005,AUTHORITATIVE,1.0,ACTIVE,SYNTHETIC
REL-000428,SVC-0012,ROUTED_THROUGH,INFRA-0008,AUTHORITATIVE,1.0,ACTIVE,SYNTHETIC
REL-000429,SVC-0004,AUTHENTICATES_WITH,INFRA-0005,AUTHORITATIVE,1.0,ACTIVE,SYNTHETIC
REL-000430,SVC-0010,DEPENDS_ON,VENDOR-0003,DISCOVERED,0.87,ACTIVE,SYNTHETIC
REL-000431,CLOUD-0002,CONNECTED_TO,INFRA-0003,AUTHORITATIVE,1.0,ACTIVE,SYNTHETIC
REL-000432,DATA-0007,REPLICATES_TO,DATA-0009,AUTHORITATIVE,1.0,ACTIVE,SYNTHETIC
REL-000433,POL-0004,APPLIES_TO,COMP-0030,AUTHORITATIVE,1.0,ACTIVE,SYNTHETIC
REL-000434,TEAM-0007,SUPPORTS,SVC-0012,AUTHORITATIVE,1.0,ACTIVE,SYNTHETIC
REL-000435,COMP-0001,DEPENDS_ON,COMP-0020,AUTHORITATIVE,1.0,ACTIVE,SYNTHETIC
REL-000436,COMP-0030,DEPENDS_ON,DATA-0001,AUTHORITATIVE,1.0,ACTIVE,SYNTHETIC
REL-000437,SVC-0006,DEPENDS_ON,SVC-0005,AUTHORITATIVE,1.0,ACTIVE,SYNTHETIC
REL-000438,SVC-0002,ROUTED_THROUGH,INFRA-0008,AUTHORITATIVE,1.0,ACTIVE,SYNTHETIC
REL-000439,SVC-0015,AUTHENTICATES_WITH,INFRA-0001,AUTHORITATIVE,1.0,ACTIVE,SYNTHETIC
REL-000440,SVC-0010,DEPENDS_ON,VENDOR-0002,DISCOVERED,0.721,ACTIVE,SYNTHETIC
REL-000441,CLOUD-0019,CONNECTED_TO,INFRA-0003,AUTHORITATIVE,1.0,ACTIVE,SYNTHETIC
REL-000442,DATA-0008,REPLICATES_TO,DATA-0005,AUTHORITATIVE,1.0,ACTIVE,SYNTHETIC
REL-000443,POL-0001,APPLIES_TO,SVC-0003,AUTHORITATIVE,1.0,ACTIVE,SYNTHETIC
REL-000444,TEAM-0006,SUPPORTS,SVC-0001,AUTHORITATIVE,1.0,ACTIVE,SYNTHETIC
REL-000445,COMP-0025,DEPENDS_ON,COMP-0001,AUTHORITATIVE,1.0,ACTIVE,SYNTHETIC
REL-000446,COMP-0014,DEPENDS_ON,DATA-0009,DISCOVERED,0.687,ACTIVE,SYNTHETIC
REL-000447,SVC-0009,DEPENDS_ON,SVC-0018,AUTHORITATIVE,1.0,ACTIVE,SYNTHETIC
REL-000448,SVC-0007,ROUTED_THROUGH,INFRA-0001,AUTHORITATIVE,1.0,ACTIVE,SYNTHETIC
REL-000449,SVC-0007,AUTHENTICATES_WITH,INFRA-0004,AUTHORITATIVE,1.0,ACTIVE,SYNTHETIC
REL-000450,SVC-0012,DEPENDS_ON,VENDOR-0004,DISCOVERED,0.679,ACTIVE,SYNTHETIC
REL-000451,CLOUD-0004,CONNECTED_TO,INFRA-0002,AUTHORITATIVE,1.0,ACTIVE,SYNTHETIC
REL-000452,POL-0001,APPLIES_TO,COMP-0014,DISCOVERED,0.791,ACTIVE,SYNTHETIC
REL-000453,POL-0004,APPLIES_TO,SVC-0011,DISCOVERED,0.662,ACTIVE,SYNTHETIC
REL-000454,TEAM-0005,SUPPORTS,SVC-0017,AUTHORITATIVE,1.0,ACTIVE,SYNTHETIC
REL-000455,COMP-0025,DEPENDS_ON,COMP-0004,AUTHORITATIVE,1.0,ACTIVE,SYNTHETIC
REL-000456,SVC-0012,DEPENDS_ON,SVC-0018,AUTHORITATIVE,1.0,ACTIVE,SYNTHETIC
REL-000457,SVC-0004,ROUTED_THROUGH,INFRA-0006,AUTHORITATIVE,1.0,ACTIVE,SYNTHETIC
REL-000458,SVC-0018,AUTHENTICATES_WITH,INFRA-0002,AUTHORITATIVE,1.0,ACTIVE,SYNTHETIC
REL-000459,SVC-0002,DEPENDS_ON,VENDOR-0003,AUTHORITATIVE,1.0,ACTIVE,SYNTHETIC
REL-000460,CLOUD-0021,CONNECTED_TO,INFRA-0008,DISCOVERED,0.729,ACTIVE,SYNTHETIC
REL-000461,DATA-0009,REPLICATES_TO,DATA-0002,AUTHORITATIVE,1.0,ACTIVE,SYNTHETIC
REL-000462,POL-0003,APPLIES_TO,COMP-0024,AUTHORITATIVE,1.0,ACTIVE,SYNTHETIC
REL-000463,POL-0002,APPLIES_TO,SVC-0011,DISCOVERED,0.703,ACTIVE,SYNTHETIC
REL-000464,TEAM-0004,SUPPORTS,SVC-0015,AUTHORITATIVE,1.0,ACTIVE,SYNTHETIC
REL-000465,COMP-0029,DEPENDS_ON,COMP-0007,AUTHORITATIVE,1.0,ACTIVE,SYNTHETIC
REL-000466,COMP-0028,DEPENDS_ON,DATA-0010,AUTHORITATIVE,1.0,ACTIVE,SYNTHETIC
REL-000467,SVC-0007,DEPENDS_ON,SVC-0014,AUTHORITATIVE,1.0,ACTIVE,SYNTHETIC
REL-000468,SVC-0009,ROUTED_THROUGH,INFRA-0001,AUTHORITATIVE,1.0,ACTIVE,SYNTHETIC
REL-000469,SVC-0011,DEPENDS_ON,VENDOR-0003,AUTHORITATIVE,1.0,ACTIVE,SYNTHETIC
REL-000470,DATA-0002,REPLICATES_TO,DATA-0007,DISCOVERED,0.82,ACTIVE,SYNTHETIC
REL-000471,POL-0001,APPLIES_TO,COMP-0021,AUTHORITATIVE,1.0,ACTIVE,SYNTHETIC
REL-000472,TEAM-0006,SUPPORTS,SVC-0007,AUTHORITATIVE,1.0,ACTIVE,SYNTHETIC
REL-000473,COMP-0024,DEPENDS_ON,COMP-0019,AUTHORITATIVE,1.0,ACTIVE,SYNTHETIC
REL-000474,COMP-0011,DEPENDS_ON,DATA-0009,AUTHORITATIVE,1.0,ACTIVE,SYNTHETIC
REL-000475,SVC-0008,DEPENDS_ON,SVC-0015,AUTHORITATIVE,1.0,ACTIVE,SYNTHETIC
REL-000476,SVC-0010,ROUTED_THROUGH,INFRA-0002,AUTHORITATIVE,1.0,ACTIVE,SYNTHETIC
REL-000477,SVC-0001,AUTHENTICATES_WITH,INFRA-0004,DISCOVERED,0.817,ACTIVE,SYNTHETIC
REL-000478,SVC-0004,DEPENDS_ON,VENDOR-0002,DISCOVERED,0.776,ACTIVE,SYNTHETIC
REL-000479,CLOUD-0007,CONNECTED_TO,INFRA-0006,DISCOVERED,0.738,ACTIVE,SYNTHETIC
REL-000480,DATA-0001,REPLICATES_TO,DATA-0003,AUTHORITATIVE,1.0,ACTIVE,SYNTHETIC
REL-000481,POL-0002,APPLIES_TO,SVC-0009,AUTHORITATIVE,1.0,ACTIVE,SYNTHETIC
REL-000482,TEAM-0002,SUPPORTS,SVC-0012,AUTHORITATIVE,1.0,ACTIVE,SYNTHETIC
REL-000483,COMP-0012,DEPENDS_ON,COMP-0001,AUTHORITATIVE,1.0,ACTIVE,SYNTHETIC
REL-000484,COMP-0029,DEPENDS_ON,DATA-0003,DISCOVERED,0.671,ACTIVE,SYNTHETIC
REL-000485,SVC-0004,DEPENDS_ON,SVC-0006,AUTHORITATIVE,1.0,ACTIVE,SYNTHETIC
REL-000486,SVC-0017,ROUTED_THROUGH,INFRA-0007,AUTHORITATIVE,1.0,ACTIVE,SYNTHETIC
REL-000487,SVC-0005,AUTHENTICATES_WITH,INFRA-0004,DISCOVERED,0.706,ACTIVE,SYNTHETIC
REL-000488,SVC-0007,DEPENDS_ON,VENDOR-0002,AUTHORITATIVE,1.0,ACTIVE,SYNTHETIC
REL-000489,POL-0003,APPLIES_TO,COMP-0005,DISCOVERED,0.764,ACTIVE,SYNTHETIC
REL-000490,POL-0003,APPLIES_TO,SVC-0007,AUTHORITATIVE,1.0,ACTIVE,SYNTHETIC
REL-000491,TEAM-0007,SUPPORTS,SVC-0005,AUTHORITATIVE,1.0,ACTIVE,SYNTHETIC
REL-000492,COMP-0021,DEPENDS_ON,COMP-0008,AUTHORITATIVE,1.0,ACTIVE,SYNTHETIC
REL-000493,COMP-0016,DEPENDS_ON,DATA-0003,DISCOVERED,0.737,ACTIVE,SYNTHETIC
REL-000494,SVC-0005,DEPENDS_ON,SVC-0014,AUTHORITATIVE,1.0,ACTIVE,SYNTHETIC
REL-000495,SVC-0004,ROUTED_THROUGH,INFRA-0008,AUTHORITATIVE,1.0,ACTIVE,SYNTHETIC
REL-000496,SVC-0008,AUTHENTICATES_WITH,INFRA-0007,AUTHORITATIVE,1.0,ACTIVE,SYNTHETIC
REL-000497,SVC-0003,DEPENDS_ON,VENDOR-0003,AUTHORITATIVE,1.0,ACTIVE,SYNTHETIC
REL-000498,CLOUD-0015,CONNECTED_TO,INFRA-0006,AUTHORITATIVE,1.0,ACTIVE,SYNTHETIC
REL-000499,POL-0003,APPLIES_TO,COMP-0026,AUTHORITATIVE,1.0,ACTIVE,SYNTHETIC
REL-000500,POL-0002,APPLIES_TO,SVC-0018,AUTHORITATIVE,1.0,ACTIVE,SYNTHETIC
REL-000501,TEAM-0003,SUPPORTS,SVC-0004,AUTHORITATIVE,1.0,ACTIVE,SYNTHETIC
REL-000502,COMP-0012,DEPENDS_ON,COMP-0020,AUTHORITATIVE,1.0,ACTIVE,SYNTHETIC
REL-000503,COMP-0030,DEPENDS_ON,DATA-0010,DISCOVERED,0.947,ACTIVE,SYNTHETIC
REL-000504,SVC-0005,ROUTED_THROUGH,INFRA-0006,AUTHORITATIVE,1.0,ACTIVE,SYNTHETIC
REL-000505,SVC-0002,AUTHENTICATES_WITH,INFRA-0004,AUTHORITATIVE,1.0,ACTIVE,SYNTHETIC
REL-000506,SVC-0007,DEPENDS_ON,VENDOR-0004,AUTHORITATIVE,1.0,ACTIVE,SYNTHETIC
REL-000507,CLOUD-0001,CONNECTED_TO,INFRA-0008,AUTHORITATIVE,1.0,ACTIVE,SYNTHETIC
REL-000508,DATA-0005,REPLICATES_TO,DATA-0002,AUTHORITATIVE,1.0,ACTIVE,SYNTHETIC
REL-000509,POL-0003,APPLIES_TO,COMP-0003,DISCOVERED,0.923,ACTIVE,SYNTHETIC
REL-000510,TEAM-0007,SUPPORTS,SVC-0004,AUTHORITATIVE,1.0,ACTIVE,SYNTHETIC
REL-000511,COMP-0007,DEPENDS_ON,COMP-0002,AUTHORITATIVE,1.0,ACTIVE,SYNTHETIC
REL-000512,COMP-0003,DEPENDS_ON,DATA-0009,AUTHORITATIVE,1.0,ACTIVE,SYNTHETIC
REL-000513,SVC-0017,DEPENDS_ON,SVC-0015,AUTHORITATIVE,1.0,ACTIVE,SYNTHETIC
REL-000514,SVC-0007,ROUTED_THROUGH,INFRA-0003,AUTHORITATIVE,1.0,ACTIVE,SYNTHETIC
REL-000515,SVC-0014,AUTHENTICATES_WITH,INFRA-0006,AUTHORITATIVE,1.0,ACTIVE,SYNTHETIC
REL-000516,CLOUD-0014,CONNECTED_TO,INFRA-0008,DISCOVERED,0.905,ACTIVE,SYNTHETIC
REL-000517,DATA-0009,REPLICATES_TO,DATA-0005,AUTHORITATIVE,1.0,ACTIVE,SYNTHETIC
REL-000518,TEAM-0005,SUPPORTS,SVC-0012,AUTHORITATIVE,1.0,ACTIVE,SYNTHETIC
REL-000519,COMP-0030,DEPENDS_ON,COMP-0015,AUTHORITATIVE,1.0,ACTIVE,SYNTHETIC
REL-000520,COMP-0030,DEPENDS_ON,DATA-0006,DISCOVERED,0.723,ACTIVE,SYNTHETIC
REL-000521,SVC-0001,DEPENDS_ON,SVC-0002,AUTHORITATIVE,1.0,ACTIVE,SYNTHETIC
REL-000522,SVC-0018,AUTHENTICATES_WITH,INFRA-0003,AUTHORITATIVE,1.0,ACTIVE,SYNTHETIC
REL-000523,CLOUD-0003,CONNECTED_TO,INFRA-0004,AUTHORITATIVE,1.0,ACTIVE,SYNTHETIC
REL-000524,DATA-0010,REPLICATES_TO,DATA-0003,AUTHORITATIVE,1.0,ACTIVE,SYNTHETIC
REL-000525,TEAM-0003,SUPPORTS,SVC-0011,AUTHORITATIVE,1.0,ACTIVE,SYNTHETIC
REL-000526,COMP-0017,DEPENDS_ON,DATA-0009,AUTHORITATIVE,1.0,ACTIVE,SYNTHETIC
REL-000527,SVC-0018,DEPENDS_ON,SVC-0001,AUTHORITATIVE,1.0,ACTIVE,SYNTHETIC
REL-000528,SVC-0006,ROUTED_THROUGH,INFRA-0001,AUTHORITATIVE,1.0,ACTIVE,SYNTHETIC
REL-000529,SVC-0013,AUTHENTICATES_WITH,INFRA-0004,AUTHORITATIVE,1.0,ACTIVE,SYNTHETIC
REL-000530,SVC-0008,DEPENDS_ON,VENDOR-0004,DISCOVERED,0.852,ACTIVE,SYNTHETIC
REL-000531,CLOUD-0005,CONNECTED_TO,INFRA-0001,DISCOVERED,0.711,ACTIVE,SYNTHETIC
REL-000532,POL-0004,APPLIES_TO,COMP-0004,DISCOVERED,0.816,ACTIVE,SYNTHETIC
REL-000533,TEAM-0007,SUPPORTS,SVC-0013,AUTHORITATIVE,1.0,ACTIVE,SYNTHETIC
REL-000534,SVC-0017,DEPENDS_ON,SVC-0012,AUTHORITATIVE,1.0,ACTIVE,SYNTHETIC
REL-000535,SVC-0013,ROUTED_THROUGH,INFRA-0004,AUTHORITATIVE,1.0,ACTIVE,SYNTHETIC
REL-000536,SVC-0012,AUTHENTICATES_WITH,INFRA-0007,AUTHORITATIVE,1.0,ACTIVE,SYNTHETIC
REL-000537,SVC-0017,DEPENDS_ON,VENDOR-0004,AUTHORITATIVE,1.0,ACTIVE,SYNTHETIC
REL-000538,CLOUD-0009,CONNECTED_TO,INFRA-0001,AUTHORITATIVE,1.0,ACTIVE,SYNTHETIC
REL-000539,DATA-0008,REPLICATES_TO,DATA-0009,AUTHORITATIVE,1.0,ACTIVE,SYNTHETIC
REL-000540,POL-0004,APPLIES_TO,COMP-0023,AUTHORITATIVE,1.0,ACTIVE,SYNTHETIC
REL-000541,POL-0004,APPLIES_TO,SVC-0006,DISCOVERED,0.86,ACTIVE,SYNTHETIC
REL-000542,COMP-0006,DEPENDS_ON,COMP-0009,AUTHORITATIVE,1.0,ACTIVE,SYNTHETIC
REL-000543,COMP-0010,DEPENDS_ON,DATA-0003,AUTHORITATIVE,1.0,ACTIVE,SYNTHETIC
REL-000544,SVC-0015,DEPENDS_ON,SVC-0008,AUTHORITATIVE,1.0,ACTIVE,SYNTHETIC
REL-000545,SVC-0008,AUTHENTICATES_WITH,INFRA-0005,AUTHORITATIVE,1.0,ACTIVE,SYNTHETIC
REL-000546,SVC-0009,DEPENDS_ON,VENDOR-0004,AUTHORITATIVE,1.0,ACTIVE,SYNTHETIC
REL-000547,CLOUD-0016,CONNECTED_TO,INFRA-0007,AUTHORITATIVE,1.0,ACTIVE,SYNTHETIC
REL-000548,POL-0002,APPLIES_TO,COMP-0010,DISCOVERED,0.7,ACTIVE,SYNTHETIC
REL-000549,POL-0004,APPLIES_TO,SVC-0001,DISCOVERED,0.664,ACTIVE,SYNTHETIC
REL-000550,COMP-0003,DEPENDS_ON,COMP-0008,AUTHORITATIVE,1.0,ACTIVE,SYNTHETIC
REL-000551,COMP-0006,DEPENDS_ON,DATA-0001,AUTHORITATIVE,1.0,ACTIVE,SYNTHETIC
REL-000552,SVC-0008,DEPENDS_ON,SVC-0016,AUTHORITATIVE,1.0,ACTIVE,SYNTHETIC
REL-000553,SVC-0008,ROUTED_THROUGH,INFRA-0006,AUTHORITATIVE,1.0,ACTIVE,SYNTHETIC
REL-000554,SVC-0017,AUTHENTICATES_WITH,INFRA-0001,AUTHORITATIVE,1.0,ACTIVE,SYNTHETIC
REL-000555,SVC-0014,DEPENDS_ON,VENDOR-0002,AUTHORITATIVE,1.0,ACTIVE,SYNTHETIC
REL-000556,DATA-0002,REPLICATES_TO,DATA-0001,AUTHORITATIVE,1.0,ACTIVE,SYNTHETIC
REL-000557,POL-0004,APPLIES_TO,COMP-0012,AUTHORITATIVE,1.0,ACTIVE,SYNTHETIC
REL-000558,POL-0002,APPLIES_TO,SVC-0017,AUTHORITATIVE,1.0,ACTIVE,SYNTHETIC
REL-000559,TEAM-0001,SUPPORTS,SVC-0003,AUTHORITATIVE,1.0,ACTIVE,SYNTHETIC
REL-000560,COMP-0025,DEPENDS_ON,COMP-0029,AUTHORITATIVE,1.0,ACTIVE,SYNTHETIC
REL-000561,COMP-0022,DEPENDS_ON,DATA-0003,AUTHORITATIVE,1.0,ACTIVE,SYNTHETIC
REL-000562,SVC-0006,ROUTED_THROUGH,INFRA-0004,AUTHORITATIVE,1.0,ACTIVE,SYNTHETIC
REL-000563,SVC-0010,AUTHENTICATES_WITH,INFRA-0002,AUTHORITATIVE,1.0,ACTIVE,SYNTHETIC
REL-000564,SVC-0009,DEPENDS_ON,VENDOR-0002,AUTHORITATIVE,1.0,ACTIVE,SYNTHETIC
REL-000565,CLOUD-0002,CONNECTED_TO,INFRA-0005,AUTHORITATIVE,1.0,ACTIVE,SYNTHETIC
REL-000566,POL-0004,APPLIES_TO,COMP-0024,AUTHORITATIVE,1.0,ACTIVE,SYNTHETIC
REL-000567,POL-0002,APPLIES_TO,SVC-0012,AUTHORITATIVE,1.0,ACTIVE,SYNTHETIC
REL-000568,TEAM-0004,SUPPORTS,SVC-0016,AUTHORITATIVE,1.0,ACTIVE,SYNTHETIC
REL-000569,COMP-0025,DEPENDS_ON,DATA-0002,AUTHORITATIVE,1.0,ACTIVE,SYNTHETIC
REL-000570,SVC-0001,DEPENDS_ON,SVC-0005,AUTHORITATIVE,1.0,ACTIVE,SYNTHETIC
REL-000571,SVC-0006,AUTHENTICATES_WITH,INFRA-0001,DISCOVERED,0.79,ACTIVE,SYNTHETIC
REL-000572,DATA-0003,REPLICATES_TO,DATA-0006,AUTHORITATIVE,1.0,ACTIVE,SYNTHETIC
REL-000573,POL-0004,APPLIES_TO,COMP-0020,AUTHORITATIVE,1.0,ACTIVE,SYNTHETIC
REL-000574,TEAM-0007,SUPPORTS,SVC-0017,AUTHORITATIVE,1.0,ACTIVE,SYNTHETIC
REL-000575,COMP-0005,DEPENDS_ON,COMP-0001,AUTHORITATIVE,1.0,ACTIVE,SYNTHETIC
REL-000576,COMP-0023,DEPENDS_ON,DATA-0006,DISCOVERED,0.702,ACTIVE,SYNTHETIC
REL-000577,SVC-0018,DEPENDS_ON,SVC-0017,AUTHORITATIVE,1.0,ACTIVE,SYNTHETIC
REL-000578,SVC-0002,ROUTED_THROUGH,INFRA-0002,AUTHORITATIVE,1.0,ACTIVE,SYNTHETIC
REL-000579,SVC-0007,AUTHENTICATES_WITH,INFRA-0003,DISCOVERED,0.896,ACTIVE,SYNTHETIC
REL-000580,CLOUD-0007,CONNECTED_TO,INFRA-0003,AUTHORITATIVE,1.0,ACTIVE,SYNTHETIC
REL-000581,DATA-0008,REPLICATES_TO,DATA-0004,DISCOVERED,0.732,ACTIVE,SYNTHETIC
REL-000582,POL-0002,APPLIES_TO,COMP-0005,AUTHORITATIVE,1.0,ACTIVE,SYNTHETIC
REL-000583,TEAM-0007,SUPPORTS,SVC-0010,AUTHORITATIVE,1.0,ACTIVE,SYNTHETIC
REL-000584,COMP-0016,DEPENDS_ON,COMP-0012,AUTHORITATIVE,1.0,ACTIVE,SYNTHETIC
REL-000585,COMP-0008,DEPENDS_ON,DATA-0002,AUTHORITATIVE,1.0,ACTIVE,SYNTHETIC
REL-000586,SVC-0003,DEPENDS_ON,SVC-0008,DISCOVERED,0.846,ACTIVE,SYNTHETIC
REL-000587,SVC-0001,AUTHENTICATES_WITH,INFRA-0002,AUTHORITATIVE,1.0,ACTIVE,SYNTHETIC
REL-000588,CLOUD-0005,CONNECTED_TO,INFRA-0007,AUTHORITATIVE,1.0,ACTIVE,SYNTHETIC
REL-000589,POL-0004,APPLIES_TO,COMP-0001,AUTHORITATIVE,1.0,ACTIVE,SYNTHETIC
REL-000590,POL-0004,APPLIES_TO,SVC-0014,AUTHORITATIVE,1.0,ACTIVE,SYNTHETIC
REL-000591,TEAM-0005,SUPPORTS,SVC-0007,AUTHORITATIVE,1.0,ACTIVE,SYNTHETIC
REL-000592,COMP-0010,DEPENDS_ON,COMP-0011,AUTHORITATIVE,1.0,ACTIVE,SYNTHETIC
REL-000593,COMP-0013,DEPENDS_ON,DATA-0010,DISCOVERED,0.671,ACTIVE,SYNTHETIC
REL-000594,SVC-0007,DEPENDS_ON,SVC-0002,DISCOVERED,0.872,ACTIVE,SYNTHETIC
REL-000595,SVC-0014,AUTHENTICATES_WITH,INFRA-0003,AUTHORITATIVE,1.0,ACTIVE,SYNTHETIC
REL-000596,SVC-0001,DEPENDS_ON,VENDOR-0003,AUTHORITATIVE,1.0,ACTIVE,SYNTHETIC
REL-000597,POL-0004,APPLIES_TO,SVC-0005,AUTHORITATIVE,1.0,ACTIVE,SYNTHETIC
REL-000598,COMP-0018,DEPENDS_ON,COMP-0026,AUTHORITATIVE,1.0,ACTIVE,SYNTHETIC
REL-000599,COMP-0001,DEPENDS_ON,DATA-0007,AUTHORITATIVE,1.0,ACTIVE,SYNTHETIC
REL-000600,SVC-0015,AUTHENTICATES_WITH,INFRA-0003,DISCOVERED,0.934,ACTIVE,SYNTHETIC
REL-000601,SVC-0005,DEPENDS_ON,VENDOR-0003,AUTHORITATIVE,1.0,ACTIVE,SYNTHETIC
REL-000602,CLOUD-0002,CONNECTED_TO,INFRA-0008,AUTHORITATIVE,1.0,ACTIVE,SYNTHETIC
REL-000603,POL-0001,APPLIES_TO,COMP-0028,DISCOVERED,0.678,ACTIVE,SYNTHETIC
REL-000604,TEAM-0003,SUPPORTS,SVC-0005,AUTHORITATIVE,1.0,ACTIVE,SYNTHETIC
REL-000605,COMP-0002,DEPENDS_ON,COMP-0007,AUTHORITATIVE,1.0,ACTIVE,SYNTHETIC
REL-000606,COMP-0021,DEPENDS_ON,DATA-0007,AUTHORITATIVE,1.0,ACTIVE,SYNTHETIC
REL-000607,SVC-0011,ROUTED_THROUGH,INFRA-0002,DISCOVERED,0.732,ACTIVE,SYNTHETIC
REL-000608,SVC-0013,DEPENDS_ON,VENDOR-0003,AUTHORITATIVE,1.0,ACTIVE,SYNTHETIC
REL-000609,CLOUD-0015,CONNECTED_TO,INFRA-0001,AUTHORITATIVE,1.0,ACTIVE,SYNTHETIC
REL-000610,DATA-0009,REPLICATES_TO,DATA-0007,AUTHORITATIVE,1.0,ACTIVE,SYNTHETIC
REL-000611,POL-0001,APPLIES_TO,COMP-0025,AUTHORITATIVE,1.0,ACTIVE,SYNTHETIC
REL-000612,TEAM-0003,SUPPORTS,SVC-0006,AUTHORITATIVE,1.0,ACTIVE,SYNTHETIC
REL-000613,COMP-0006,DEPENDS_ON,COMP-0005,AUTHORITATIVE,1.0,ACTIVE,SYNTHETIC
REL-000614,SVC-0010,DEPENDS_ON,SVC-0004,AUTHORITATIVE,1.0,ACTIVE,SYNTHETIC
REL-000615,SVC-0003,AUTHENTICATES_WITH,INFRA-0006,AUTHORITATIVE,1.0,ACTIVE,SYNTHETIC
REL-000616,CLOUD-0005,CONNECTED_TO,INFRA-0004,AUTHORITATIVE,1.0,ACTIVE,SYNTHETIC
REL-000617,DATA-0009,REPLICATES_TO,DATA-0004,AUTHORITATIVE,1.0,ACTIVE,SYNTHETIC
REL-000618,POL-0004,APPLIES_TO,COMP-0013,AUTHORITATIVE,1.0,ACTIVE,SYNTHETIC
REL-000619,POL-0002,APPLIES_TO,SVC-0003,AUTHORITATIVE,1.0,ACTIVE,SYNTHETIC
REL-000620,TEAM-0001,SUPPORTS,SVC-0013,AUTHORITATIVE,1.0,ACTIVE,SYNTHETIC
REL-000621,COMP-0029,DEPENDS_ON,COMP-0021,AUTHORITATIVE,1.0,ACTIVE,SYNTHETIC
REL-000622,COMP-0028,DEPENDS_ON,DATA-0002,AUTHORITATIVE,1.0,ACTIVE,SYNTHETIC
REL-000623,SVC-0017,ROUTED_THROUGH,INFRA-0003,AUTHORITATIVE,1.0,ACTIVE,SYNTHETIC
REL-000624,CLOUD-0002,CONNECTED_TO,INFRA-0002,AUTHORITATIVE,1.0,ACTIVE,SYNTHETIC
REL-000625,POL-0004,APPLIES_TO,SVC-0015,DISCOVERED,0.737,ACTIVE,SYNTHETIC
REL-000626,TEAM-0003,SUPPORTS,SVC-0010,AUTHORITATIVE,1.0,ACTIVE,SYNTHETIC
REL-000627,COMP-0021,DEPENDS_ON,COMP-0002,DISCOVERED,0.882,ACTIVE,SYNTHETIC
REL-000628,COMP-0016,DEPENDS_ON,DATA-0009,AUTHORITATIVE,1.0,ACTIVE,SYNTHETIC
REL-000629,SVC-0006,DEPENDS_ON,SVC-0012,AUTHORITATIVE,1.0,ACTIVE,SYNTHETIC
REL-000630,SVC-0016,ROUTED_THROUGH,INFRA-0005,AUTHORITATIVE,1.0,ACTIVE,SYNTHETIC
REL-000631,CLOUD-0018,CONNECTED_TO,INFRA-0003,AUTHORITATIVE,1.0,ACTIVE,SYNTHETIC
REL-000632,DATA-0010,REPLICATES_TO,DATA-0005,AUTHORITATIVE,1.0,ACTIVE,SYNTHETIC
REL-000633,POL-0003,APPLIES_TO,COMP-0001,AUTHORITATIVE,1.0,ACTIVE,SYNTHETIC
REL-000634,TEAM-0006,SUPPORTS,SVC-0014,DISCOVERED,0.659,ACTIVE,SYNTHETIC
REL-000635,COMP-0003,DEPENDS_ON,COMP-0017,AUTHORITATIVE,1.0,ACTIVE,SYNTHETIC
REL-000636,COMP-0020,DEPENDS_ON,DATA-0003,AUTHORITATIVE,1.0,ACTIVE,SYNTHETIC
REL-000637,DATA-0009,REPLICATES_TO,DATA-0010,AUTHORITATIVE,1.0,ACTIVE,SYNTHETIC
REL-000638,POL-0003,APPLIES_TO,COMP-0002,AUTHORITATIVE,1.0,ACTIVE,SYNTHETIC
REL-000639,POL-0003,APPLIES_TO,SVC-0018,AUTHORITATIVE,1.0,ACTIVE,SYNTHETIC
REL-000640,TEAM-0007,SUPPORTS,SVC-0016,DISCOVERED,0.786,ACTIVE,SYNTHETIC
REL-000641,COMP-0020,DEPENDS_ON,COMP-0005,DISCOVERED,0.867,ACTIVE,SYNTHETIC
REL-000642,COMP-0002,DEPENDS_ON,DATA-0001,AUTHORITATIVE,1.0,ACTIVE,SYNTHETIC
REL-000643,SVC-0006,DEPENDS_ON,SVC-0013,AUTHORITATIVE,1.0,ACTIVE,SYNTHETIC
REL-000644,SVC-0010,ROUTED_THROUGH,INFRA-0004,DISCOVERED,0.752,ACTIVE,SYNTHETIC
REL-000645,POL-0002,APPLIES_TO,COMP-0012,AUTHORITATIVE,1.0,ACTIVE,SYNTHETIC
REL-000646,COMP-0017,DEPENDS_ON,COMP-0023,AUTHORITATIVE,1.0,ACTIVE,SYNTHETIC
REL-000647,COMP-0024,DEPENDS_ON,DATA-0007,DISCOVERED,0.91,ACTIVE,SYNTHETIC
REL-000648,SVC-0014,DEPENDS_ON,SVC-0001,AUTHORITATIVE,1.0,ACTIVE,SYNTHETIC
REL-000649,SVC-0007,AUTHENTICATES_WITH,INFRA-0002,AUTHORITATIVE,1.0,ACTIVE,SYNTHETIC
REL-000650,CLOUD-0016,CONNECTED_TO,INFRA-0006,AUTHORITATIVE,1.0,ACTIVE,SYNTHETIC
REL-000651,POL-0002,APPLIES_TO,COMP-0001,AUTHORITATIVE,1.0,ACTIVE,SYNTHETIC
REL-000652,POL-0003,APPLIES_TO,SVC-0014,DISCOVERED,0.823,ACTIVE,SYNTHETIC
REL-000653,SVC-0015,ROUTED_THROUGH,INFRA-0006,DISCOVERED,0.905,ACTIVE,SYNTHETIC
REL-000654,SVC-0014,AUTHENTICATES_WITH,INFRA-0005,AUTHORITATIVE,1.0,ACTIVE,SYNTHETIC
REL-000655,CLOUD-0021,CONNECTED_TO,INFRA-0003,AUTHORITATIVE,1.0,ACTIVE,SYNTHETIC
REL-000656,DATA-0004,REPLICATES_TO,DATA-0009,AUTHORITATIVE,1.0,ACTIVE,SYNTHETIC
REL-000657,POL-0004,APPLIES_TO,COMP-0003,AUTHORITATIVE,1.0,ACTIVE,SYNTHETIC
REL-000658,POL-0001,APPLIES_TO,SVC-0015,AUTHORITATIVE,1.0,ACTIVE,SYNTHETIC
REL-000659,TEAM-0003,SUPPORTS,SVC-0018,DISCOVERED,0.923,ACTIVE,SYNTHETIC
REL-000660,COMP-0019,DEPENDS_ON,COMP-0020,AUTHORITATIVE,1.0,ACTIVE,SYNTHETIC
REL-000661,COMP-0027,DEPENDS_ON,DATA-0008,AUTHORITATIVE,1.0,ACTIVE,SYNTHETIC
REL-000662,SVC-0010,DEPENDS_ON,SVC-0016,AUTHORITATIVE,1.0,ACTIVE,SYNTHETIC
REL-000663,SVC-0018,ROUTED_THROUGH,INFRA-0007,AUTHORITATIVE,1.0,ACTIVE,SYNTHETIC
REL-000664,SVC-0006,AUTHENTICATES_WITH,INFRA-0008,AUTHORITATIVE,1.0,ACTIVE,SYNTHETIC
REL-000665,CLOUD-0007,CONNECTED_TO,INFRA-0005,AUTHORITATIVE,1.0,ACTIVE,SYNTHETIC
REL-000666,DATA-0006,REPLICATES_TO,DATA-0004,AUTHORITATIVE,1.0,ACTIVE,SYNTHETIC
REL-000667,POL-0002,APPLIES_TO,COMP-0015,AUTHORITATIVE,1.0,ACTIVE,SYNTHETIC
REL-000668,TEAM-0002,SUPPORTS,SVC-0009,AUTHORITATIVE,1.0,ACTIVE,SYNTHETIC
REL-000669,COMP-0017,DEPENDS_ON,COMP-0026,DISCOVERED,0.779,ACTIVE,SYNTHETIC
REL-000670,COMP-0012,DEPENDS_ON,DATA-0009,AUTHORITATIVE,1.0,ACTIVE,SYNTHETIC
REL-000671,SVC-0015,DEPENDS_ON,SVC-0016,AUTHORITATIVE,1.0,ACTIVE,SYNTHETIC
REL-000672,SVC-0014,AUTHENTICATES_WITH,INFRA-0004,AUTHORITATIVE,1.0,ACTIVE,SYNTHETIC
REL-000673,TEAM-0004,SUPPORTS,SVC-0003,AUTHORITATIVE,1.0,ACTIVE,SYNTHETIC
REL-000674,COMP-0008,DEPENDS_ON,COMP-0013,AUTHORITATIVE,1.0,ACTIVE,SYNTHETIC
REL-000675,COMP-0026,DEPENDS_ON,DATA-0001,DISCOVERED,0.845,ACTIVE,SYNTHETIC
REL-000676,SVC-0011,DEPENDS_ON,SVC-0004,AUTHORITATIVE,1.0,ACTIVE,SYNTHETIC
REL-000677,DATA-0008,REPLICATES_TO,DATA-0010,AUTHORITATIVE,1.0,ACTIVE,SYNTHETIC
REL-000678,POL-0004,APPLIES_TO,SVC-0008,AUTHORITATIVE,1.0,ACTIVE,SYNTHETIC
REL-000679,TEAM-0001,SUPPORTS,SVC-0004,AUTHORITATIVE,1.0,ACTIVE,SYNTHETIC
REL-000680,COMP-0029,DEPENDS_ON,DATA-0002,AUTHORITATIVE,1.0,ACTIVE,SYNTHETIC
REL-000681,SVC-0004,DEPENDS_ON,SVC-0015,AUTHORITATIVE,1.0,ACTIVE,SYNTHETIC
REL-000682,SVC-0014,DEPENDS_ON,VENDOR-0004,AUTHORITATIVE,1.0,ACTIVE,SYNTHETIC
REL-000683,POL-0001,APPLIES_TO,SVC-0004,AUTHORITATIVE,1.0,ACTIVE,SYNTHETIC
REL-000684,SVC-0006,AUTHENTICATES_WITH,INFRA-0002,AUTHORITATIVE,1.0,ACTIVE,SYNTHETIC
REL-000685,SVC-0016,DEPENDS_ON,VENDOR-0004,AUTHORITATIVE,1.0,ACTIVE,SYNTHETIC
REL-000686,CLOUD-0001,CONNECTED_TO,INFRA-0007,AUTHORITATIVE,1.0,ACTIVE,SYNTHETIC
REL-000687,DATA-0010,REPLICATES_TO,DATA-0006,AUTHORITATIVE,1.0,ACTIVE,SYNTHETIC
REL-000688,TEAM-0007,SUPPORTS,SVC-0009,AUTHORITATIVE,1.0,ACTIVE,SYNTHETIC
REL-000689,COMP-0030,DEPENDS_ON,COMP-0024,DISCOVERED,0.837,ACTIVE,SYNTHETIC
REL-000690,COMP-0007,DEPENDS_ON,DATA-0008,AUTHORITATIVE,1.0,ACTIVE,SYNTHETIC
REL-000691,SVC-0001,DEPENDS_ON,SVC-0012,DISCOVERED,0.94,ACTIVE,SYNTHETIC
REL-000692,SVC-0001,ROUTED_THROUGH,INFRA-0002,AUTHORITATIVE,1.0,ACTIVE,SYNTHETIC
REL-000693,SVC-0016,AUTHENTICATES_WITH,INFRA-0007,AUTHORITATIVE,1.0,ACTIVE,SYNTHETIC
REL-000694,CLOUD-0019,CONNECTED_TO,INFRA-0006,AUTHORITATIVE,1.0,ACTIVE,SYNTHETIC
REL-000695,DATA-0006,REPLICATES_TO,DATA-0003,AUTHORITATIVE,1.0,ACTIVE,SYNTHETIC
REL-000696,POL-0002,APPLIES_TO,COMP-0021,DISCOVERED,0.674,ACTIVE,SYNTHETIC
REL-000697,POL-0004,APPLIES_TO,SVC-0004,AUTHORITATIVE,1.0,ACTIVE,SYNTHETIC
REL-000698,COMP-0025,DEPENDS_ON,COMP-0010,AUTHORITATIVE,1.0,ACTIVE,SYNTHETIC
REL-000699,COMP-0004,DEPENDS_ON,DATA-0001,DISCOVERED,0.869,ACTIVE,SYNTHETIC
REL-000700,SVC-0015,DEPENDS_ON,SVC-0014,AUTHORITATIVE,1.0,ACTIVE,SYNTHETIC
REL-000701,SVC-0017,ROUTED_THROUGH,INFRA-0001,DISCOVERED,0.694,ACTIVE,SYNTHETIC
REL-000702,SVC-0012,AUTHENTICATES_WITH,INFRA-0005,DISCOVERED,0.824,ACTIVE,SYNTHETIC
REL-000703,CLOUD-0007,CONNECTED_TO,INFRA-0007,AUTHORITATIVE,1.0,ACTIVE,SYNTHETIC
REL-000704,POL-0001,APPLIES_TO,SVC-0017,AUTHORITATIVE,1.0,ACTIVE,SYNTHETIC
REL-000705,COMP-0013,DEPENDS_ON,COMP-0011,AUTHORITATIVE,1.0,ACTIVE,SYNTHETIC
REL-000706,SVC-0010,DEPENDS_ON,SVC-0007,DISCOVERED,0.803,ACTIVE,SYNTHETIC
REL-000707,SVC-0008,ROUTED_THROUGH,INFRA-0007,AUTHORITATIVE,1.0,ACTIVE,SYNTHETIC
REL-000708,SVC-0012,AUTHENTICATES_WITH,INFRA-0003,AUTHORITATIVE,1.0,ACTIVE,SYNTHETIC
REL-000709,SVC-0015,DEPENDS_ON,VENDOR-0003,AUTHORITATIVE,1.0,ACTIVE,SYNTHETIC
REL-000710,CLOUD-0019,CONNECTED_TO,INFRA-0001,AUTHORITATIVE,1.0,ACTIVE,SYNTHETIC
REL-000711,COMP-0023,DEPENDS_ON,COMP-0016,AUTHORITATIVE,1.0,ACTIVE,SYNTHETIC
REL-000712,COMP-0026,DEPENDS_ON,DATA-0007,AUTHORITATIVE,1.0,ACTIVE,SYNTHETIC
REL-000713,SVC-0002,AUTHENTICATES_WITH,INFRA-0001,DISCOVERED,0.764,ACTIVE,SYNTHETIC
REL-000714,SVC-0018,DEPENDS_ON,VENDOR-0002,AUTHORITATIVE,1.0,ACTIVE,SYNTHETIC
REL-000715,CLOUD-0014,CONNECTED_TO,INFRA-0003,AUTHORITATIVE,1.0,ACTIVE,SYNTHETIC
REL-000716,TEAM-0006,SUPPORTS,SVC-0004,AUTHORITATIVE,1.0,ACTIVE,SYNTHETIC
REL-000717,COMP-0027,DEPENDS_ON,COMP-0020,AUTHORITATIVE,1.0,ACTIVE,SYNTHETIC
REL-000718,COMP-0001,DEPENDS_ON,DATA-0006,AUTHORITATIVE,1.0,ACTIVE,SYNTHETIC
REL-000719,SVC-0015,DEPENDS_ON,SVC-0018,DISCOVERED,0.695,ACTIVE,SYNTHETIC
REL-000720,SVC-0008,ROUTED_THROUGH,INFRA-0001,DISCOVERED,0.657,ACTIVE,SYNTHETIC
